entry_id,old_billing_sku,old_kms,new_billing_sku,new_kms
2806,Sumifru-10-DVO-PNB,186.90,Sumifru-10-DVO-DVO,171.40
69,"ABC PANTUKAN-PANTUKAN-DVO-DVO",,ABC-Pantukan-DVO-DVO,185.00
70,"ABC Lupon-0-PNB-DVO",,ABC-Lupon-PNB-PNB,202.00
73,"ABC Lupon-0-PNB-PNB",,ABC-Lupon-PNB-PNB,202.00
74,"ABC Lupon-LUPON-PNB-DVO",,ABC-Lupon-PNB-PNB,202.00
78,"ABC PANTUKAN-0-DVO-DVO",,ABC-Pantukan-DVO-DVO,185.00
80,"ABC Lupon-0-DVO-DVO",,ABC-Lupon-PNB-PNB,202.00
82,"ABC Cateel-0-PNB-PNB",,ABC-Cateel-PNB-PNB,308.00
88,Dole-16-DVO-DVO,,Dole-16-PNB-PNB,176.50
89,Dole-1-DVO-DVO,,Dole-1-PNB-PNB,107.00
96,Dole-0-DVO-DVO,,Dole-5-PNB-PNB,125.40
97,Dole-5-DVO-DVO,,Dole-5-PNB-PNB,125.40
98,Dole-0-DVO-DVO,,Dole-5-PNB-PNB,125.40
99,Dole-5-DVO-DVO,,Dole-5-PNB-PNB,125.40
123,"ABC Donmar-DONMAR-PNB-PNB",,ABC-Donmar-PNB-PNB,361.00
124,"ABC Donmar-0-DVO-DVO",,ABC-Donmar-DVO-DVO,340.00
125,"ABC Donmar-0-DVO-DVO",,ABC-Donmar-DVO-DVO,340.00
126,"ABC Donmar-0-PNB-PNB",,ABC-Donmar-PNB-PNB,361.00
128,"ABC Lupon-0-DVO-PNB",,ABC-Lupon-DVO-PNB,156.00
130,Sumifru-10-DVO-PNB,186.90,Sumifru-10-DVO-DVO,171.40
131,Sumifru-6-PNB-PNB,171.40,Sumifru-6-DVO-DVO,171.40
132,Sumifru-18-DVO-PNB,169.40,Sumifru-18-DVO-DVO,171.40
140,Farmind-3-PNB-PNB,107.00,Farmind-3-DVO-DVO,202.00
141,Farmind-3-PNB-PNB,107.00,Farmind-3-DVO-DVO,202.00
167,Sumifru-6-PNB-PNB,171.40,Sumifru-6-DVO-DVO,171.40
168,Sumifru-6-PNB-PNB,171.40,Sumifru-6-DVO-DVO,171.40
170,Sumifru-6-PNB-PNB,171.40,Sumifru-6-DVO-DVO,171.40
171,Sumifru-6-PNB-PNB,171.40,Sumifru-6-DVO-DVO,171.40
173,Sumifru-6-PNB-PNB,171.40,Sumifru-6-DVO-DVO,171.40
199,Farmind-3-PNB-PNB,107.00,Farmind-3-DVO-DVO,202.00
200,Farmind-3-PNB-PNB,107.00,Farmind-3-DVO-DVO,202.00
201,"Good Farmer-1-PNB-PNB",107.00,"Good Farmer-1-DVO-PNB",143.00
204,Sumifru-6-PNB-PNB,171.40,Sumifru-6-DVO-DVO,171.40
205,Sumifru-10-DVO-PNB,186.90,Sumifru-10-DVO-DVO,171.40
207,Sumifru-10-DVO-PNB,186.90,Sumifru-10-DVO-DVO,171.40
209,Sumifru-6-PNB-PNB,171.40,Sumifru-6-DVO-DVO,171.40
210,Sumifru-10-DVO-PNB,186.90,Sumifru-10-DVO-DVO,171.40
215,Sumifru-10-DVO-PNB,186.90,Sumifru-10-DVO-DVO,171.40
237,"Good Farmer-18-PNB-PNB",146.40,"Good Farmer-18-DVO-DVO",192.40
241,"Good Farmer-2-PNB-PNB",129.20,"Good Farmer-2-DVO-PNB",145.40
250,Sumifru-10-DVO-PNB,186.90,Sumifru-10-DVO-DVO,171.40
293,ABC-Pantukan-PNB-PNB,130.00,ABC-Pantukan-DVO-DVO,185.00
294,ABC-Pantukan-PNB-PNB,130.00,ABC-Pantukan-DVO-DVO,185.00
295,ABC-Pantukan-PNB-PNB,130.00,ABC-Pantukan-DVO-PNB,156.00
296,ABC-Pantukan-PNB-PNB,130.00,ABC-Pantukan-DVO-PNB,156.00
301,Farmind-3-PNB-PNB,107.00,Farmind-3-DVO-DVO,202.00
302,Farmind-3-PNB-PNB,107.00,Farmind-3-DVO-DVO,202.00
314,Farmind-18-DVO-PNB,169.40,Farmind-18-DVO-DVO,202.00
319,Sumifru-6-PNB-PNB,171.40,Sumifru-6-DVO-DVO,171.40
320,Sumifru-6-PNB-PNB,171.40,Sumifru-6-DVO-DVO,171.40
321,Sumifru-6-PNB-PNB,171.40,Sumifru-6-DVO-DVO,171.40
322,Sumifru-6-PNB-PNB,171.40,Sumifru-6-DVO-DVO,171.40
406,Farmind-3-PNB-PNB,107.00,Farmind-3-DVO-PNB,143.00
425,Farmind-3-PNB-PNB,107.00,Farmind-3-DVO-DVO,202.00
426,Farmind-3-PNB-PNB,107.00,Farmind-3-DVO-DVO,202.00
482,ABC-Pantukan-PNB-PNB,130.00,ABC-Pantukan-DVO-DVO,185.00
495,ABC-Cateel-PNB-PNB,308.00,ABC-Cateel-DVO-PNB,362.00
498,ABC-Donmar-PNB-PNB,361.00,ABC-Donmar-DVO-DVO,340.00
501,Sumifru-10-DVO-PNB,186.90,Sumifru-10-DVO-DVO,171.40
502,ABC-Cateel-PNB-PNB,308.00,ABC-Cateel-DVO-PNB,362.00
503,Sumifru-10-DVO-PNB,186.90,Sumifru-10-DVO-DVO,171.40
505,Farmind-18-DVO-PNB,169.40,Farmind-18-DVO-DVO,202.00
510,ABC-Pantukan-PNB-PNB,130.00,ABC-Pantukan-DVO-PNB,156.00
511,"TDC - CLASS B-SVT-PNB-PNB",10.00,"TDC - CLASS B-SVT-DVO-DVO",76.00
555,Farmind-3-PNB-PNB,107.00,Farmind-3-DVO-DVO,202.00
556,Farmind-18-DVO-PNB,169.40,Farmind-18-DVO-DVO,202.00
584,ABC-Pantukan-PNB-PNB,130.00,ABC-Pantukan-DVO-DVO,185.00
585,ABC-Pantukan-PNB-PNB,130.00,ABC-Pantukan-DVO-DVO,185.00
705,Sumifru-10-DVO-PNB,186.90,Sumifru-10-DVO-DVO,171.40
706,Sumifru-10-DVO-PNB,186.90,Sumifru-10-DVO-DVO,171.40
707,Sumifru-6-PNB-PNB,171.40,Sumifru-6-DVO-DVO,171.40
708,Sumifru-6-PNB-PNB,171.40,Sumifru-6-DVO-DVO,171.40
709,Sumifru-6-PNB-PNB,171.40,Sumifru-6-DVO-DVO,171.40
730,Farmind-18-DVO-PNB,169.40,Farmind-18-DVO-DVO,202.00
733,Farmind-3-PNB-PNB,107.00,Farmind-3-DVO-DVO,202.00
746,"Good Farmer-18-PNB-PNB",146.40,"Good Farmer-18-PNB-DVO",192.40
748,"Good Farmer-18-PNB-PNB",146.40,"Good Farmer-18-PNB-DVO",192.40
755,Farmind-3-PNB-PNB,107.00,Farmind-3-DVO-DVO,202.00
756,Farmind-18-DVO-PNB,169.40,Farmind-18-DVO-DVO,202.00
757,Farmind-3-PNB-PNB,107.00,Farmind-3-DVO-DVO,202.00
758,Farmind-3-PNB-PNB,107.00,Farmind-3-DVO-PNB,143.00
786,Farmind-3-PNB-PNB,107.00,Farmind-3-DVO-DVO,202.00
787,Farmind-3-PNB-PNB,107.00,Farmind-3-DVO-DVO,202.00
788,Farmind-3-PNB-PNB,107.00,Farmind-3-DVO-DVO,202.00
793,Farmind-18-DVO-PNB,169.40,Farmind-18-DVO-DVO,202.00
797,"Good Farmer-18-PNB-PNB",146.40,"Good Farmer-18-PNB-DVO",192.40
804,"Good Farmer-18-PNB-PNB",146.40,"Good Farmer-18-PNB-DVO",192.40
817,Sumifru-6-PNB-PNB,171.40,Sumifru-6-DVO-DVO,171.40
829,Sumifru-10-DVO-PNB,186.90,Sumifru-10-DVO-DVO,171.40
834,"Good Farmer-15-PNB-PNB",149.90,"Good Farmer-15-DVO-DVO",156.40
835,ABC-Donmar-PNB-PNB,361.00,ABC-Donmar-DVO-DVO,340.00
838,ABC-Pantukan-PNB-PNB,130.00,ABC-Pantukan-DVO-DVO,185.00
1288,Farmind-3-PNB-PNB,107.00,Farmind-3-DVO-DVO,202.00
934,Sumifru-6-PNB-PNB,171.40,Sumifru-6-DVO-DVO,171.40
1006,Sumifru-6-PNB-PNB,171.40,Sumifru-6-DVO-DVO,171.40
1008,Sumifru-6-PNB-PNB,171.40,Sumifru-6-DVO-DVO,171.40
1017,"Good Farmer-1-PNB-PNB",107.00,"Good Farmer-1-DVO-DVO",202.20
1020,"Good Farmer-1-PNB-PNB",107.00,"Good Farmer-1-DVO-DVO",202.20
1056,"Good Farmer-11-PNB-PNB",167.40,"Good Farmer-11-DVO-DVO",213.40
1063,"Good Farmer-2-PNB-PNB",129.20,"Good Farmer-2-DVO-PNB",145.40
1069,"Good Farmer-15-PNB-PNB",149.90,"Good Farmer-15-DVO-PNB",114.60
1074,"Good Farmer-15-PNB-PNB",149.90,"Good Farmer-15-DVO-PNB",114.60
1076,"Good Farmer-17-PNB-PNB",132.40,"Good Farmer-17-DVO-DVO",178.40
1077,"Good Farmer-17-PNB-PNB",132.40,"Good Farmer-17-DVO-DVO",178.40
1078,Sumifru-10-DVO-PNB,186.90,Sumifru-10-DVO-DVO,171.40
1289,Farmind-1-PNB-PNB,107.00,Farmind-1-DVO-DVO,202.20
1126,Sumifru-10-DVO-PNB,186.90,Sumifru-10-DVO-DVO,171.40
1127,Sumifru-6-PNB-PNB,171.40,Sumifru-6-DVO-DVO,171.40
1128,Sumifru-6-PNB-PNB,171.40,Sumifru-6-DVO-DVO,171.40
1145,"Good Farmer-15-PNB-PNB",149.90,"Good Farmer-15-DVO-PNB",114.60
1151,"Good Farmer-1-PNB-PNB",107.00,"Good Farmer-1-DVO-DVO",202.20
1152,"Good Farmer-2-PNB-PNB",129.20,"Good Farmer-2-DVO-DVO",161.60
1165,ABC-Donmar-PNB-PNB,361.00,ABC-Donmar-DVO-DVO,340.00
1166,ABC-Donmar-PNB-PNB,361.00,ABC-Donmar-DVO-DVO,340.00
1168,ABC-Cateel-PNB-PNB,308.00,ABC-Cateel-DVO-PNB,362.00
1172,ABC-Cateel-PNB-PNB,308.00,ABC-Cateel-DVO-PNB,362.00
1174,ABC-Cateel-PNB-PNB,308.00,ABC-Cateel-DVO-DVO,378.00
1176,ABC-Cateel-PNB-PNB,308.00,ABC-Cateel-DVO-PNB,362.00
1182,ABC-Pantukan-PNB-PNB,130.00,ABC-Pantukan-DVO-DVO,185.00
1185,ABC-Pantukan-PNB-PNB,130.00,ABC-Pantukan-DVO-DVO,185.00
1187,ABC-Pantukan-PNB-PNB,130.00,ABC-Pantukan-DVO-DVO,185.00
1188,ABC-Pantukan-PNB-PNB,130.00,ABC-Pantukan-DVO-DVO,185.00
1193,Farmind-3-PNB-PNB,107.00,Farmind-3-DVO-DVO,202.00
1198,Farmind-3-PNB-PNB,107.00,Farmind-3-DVO-DVO,202.00
1226,Sumifru-10-DVO-PNB,186.90,Sumifru-10-DVO-DVO,171.40
1227,Sumifru-10-DVO-PNB,186.90,Sumifru-10-DVO-DVO,171.40
1228,Sumifru-10-DVO-PNB,186.90,Sumifru-10-DVO-DVO,171.40
1230,Sumifru-10-DVO-PNB,186.90,Sumifru-10-DVO-DVO,171.40
1231,Sumifru-10-DVO-PNB,186.90,Sumifru-10-DVO-DVO,171.40
1233,"Good Farmer-18-PNB-PNB",146.40,"Good Farmer-18-DVO-PNB",169.40
1291,Farmind-3-PNB-PNB,107.00,Farmind-3-DVO-DVO,202.00
1332,Farmind-3-PNB-PNB,107.00,Farmind-3-DVO-DVO,202.00
1334,Farmind-3-PNB-PNB,107.00,Farmind-3-DVO-DVO,202.00
1342,Farmind-3-PNB-PNB,107.00,Farmind-3-DVO-DVO,202.00
1346,Farmind-3-PNB-PNB,107.00,Farmind-3-DVO-DVO,202.00
1348,Farmind-3-PNB-PNB,107.00,Farmind-3-DVO-DVO,202.00
1389,"Good Farmer-11-PNB-PNB",167.40,"Good Farmer-11-DVO-PNB",190.40
1410,Farmind-3-PNB-PNB,107.00,Farmind-3-DVO-DVO,202.00
1414,Farmind-3-PNB-PNB,107.00,Farmind-3-DVO-DVO,202.00
1417,"Good Farmer-17-PNB-PNB",132.40,"Good Farmer-17-PNB-DVO",178.40
1423,Sumifru-10-DVO-PNB,186.90,Sumifru-10-DVO-DVO,171.40
1424,Sumifru-10-DVO-PNB,186.90,Sumifru-10-DVO-DVO,171.40
1425,Sumifru-10-DVO-PNB,186.90,Sumifru-10-DVO-DVO,171.40
1427,Sumifru-10-DVO-PNB,186.90,Sumifru-10-DVO-DVO,171.40
1428,Sumifru-10-DVO-PNB,186.90,Sumifru-10-DVO-DVO,171.40
1429,Sumifru-10-DVO-PNB,186.90,Sumifru-10-DVO-DVO,171.40
1430,Sumifru-10-DVO-PNB,186.90,Sumifru-10-DVO-DVO,171.40
1431,Sumifru-10-DVO-PNB,186.90,Sumifru-10-DVO-DVO,171.40
1432,Sumifru-10-DVO-PNB,186.90,Sumifru-10-DVO-DVO,171.40
1433,Sumifru-10-DVO-PNB,186.90,Sumifru-10-DVO-DVO,171.40
1434,Sumifru-10-DVO-PNB,186.90,Sumifru-10-DVO-DVO,171.40
1435,Farmind-3-PNB-PNB,107.00,Farmind-3-DVO-DVO,202.00
1436,"Good Farmer-17-PNB-PNB",132.40,"Good Farmer-17-PNB-DVO",178.40
1447,Farmind-3-PNB-PNB,107.00,Farmind-3-DVO-DVO,202.00
1461,Farmind-18-DVO-PNB,169.40,Farmind-18-DVO-DVO,202.00
2752,Sumifru-6-PNB-PNB,171.40,Sumifru-6-DVO-DVO,171.40
2755,Sumifru-6-PNB-PNB,171.40,Sumifru-6-DVO-DVO,171.40
2807,Sumifru-10-DVO-PNB,186.90,Sumifru-10-DVO-DVO,171.40
2751,Sumifru-6-PNB-PNB,171.40,Sumifru-6-DVO-DVO,171.40
2782,Sumifru-6-PNB-PNB,171.40,Sumifru-6-DVO-DVO,171.40
1529,Farmind-3-PNB-PNB,107.00,Farmind-3-DVO-DVO,202.00
1532,Farmind-3-PNB-PNB,107.00,Farmind-3-DVO-DVO,202.00
1535,"Good Farmer-11-PNB-PNB",167.40,"Good Farmer-11-DVO-DVO",213.40
1537,Sumifru-10-DVO-PNB,186.90,Sumifru-10-DVO-DVO,171.40
1538,Sumifru-6-PNB-PNB,171.40,Sumifru-6-DVO-DVO,171.40
1550,Sumifru-10-DVO-PNB,186.90,Sumifru-10-DVO-DVO,171.40
1556,"Good Farmer-1-PNB-PNB",107.00,"Good Farmer-1-DVO-PNB",143.00
1557,Sumifru-10-DVO-PNB,186.90,Sumifru-10-DVO-DVO,171.40
1559,Sumifru-10-DVO-PNB,186.90,Sumifru-10-DVO-DVO,171.40
1561,Sumifru-10-DVO-PNB,186.90,Sumifru-10-DVO-DVO,171.40
1562,Sumifru-10-DVO-PNB,186.90,Sumifru-10-DVO-DVO,171.40
2765,"TDC - CLASS B-SVT-PNB-PNB",10.00,"TDC - CLASS B-SVT-DVO-DVO",76.00
1590,"Good Farmer-17-PNB-PNB",132.40,"Good Farmer-17-DVO-DVO",178.40
2697,ABC-Pantukan-PNB-PNB,130.00,ABC-Pantukan-DVO-DVO,185.00
2846,Farmind-3-PNB-PNB,107.00,Farmind-3-DVO-DVO,202.00
1694,Farmind-3-PNB-PNB,107.00,Farmind-3-DVO-DVO,202.00
1697,Farmind-3-PNB-PNB,107.00,Farmind-3-DVO-DVO,202.00
1700,Farmind-3-PNB-PNB,107.00,Farmind-3-DVO-DVO,202.00
1701,Farmind-3-PNB-PNB,107.00,Farmind-3-DVO-DVO,202.00
2770,Sumifru-10-DVO-PNB,186.90,Sumifru-10-DVO-DVO,171.40
2848,Farmind-3-PNB-PNB,107.00,Farmind-3-DVO-DVO,202.00
1732,Farmind-3-PNB-PNB,107.00,Farmind-3-DVO-DVO,202.00
1733,Farmind-3-PNB-PNB,107.00,Farmind-3-DVO-DVO,202.00
1756,"Good Farmer-9-PNB-PNB",163.90,"Good Farmer-9-DVO-PNB",186.90
1782,"Good Farmer-17-PNB-PNB",132.40,"Good Farmer-17-PNB-DVO",178.40
1784,"Good Farmer-2-PNB-PNB",129.20,"Good Farmer-2-DVO-DVO",161.60
1839,"Good Farmer-18-PNB-PNB",146.40,"Good Farmer-18-PNB-DVO",192.40
1840,Sumifru-6-PNB-PNB,171.40,Sumifru-6-DVO-DVO,171.40
1842,"Good Farmer-15-PNB-PNB",149.90,"Good Farmer-15-PNB-DVO",114.60
1851,"Good Farmer-15-PNB-PNB",149.90,"Good Farmer-15-PNB-DVO",114.60
1855,Farmind-18-DVO-PNB,169.40,Farmind-18-DVO-DVO,202.00
1862,Sumifru-10-DVO-PNB,186.90,Sumifru-10-DVO-DVO,171.40
1872,Farmind-18-DVO-PNB,169.40,Farmind-18-DVO-DVO,202.00
1873,Farmind-3-PNB-PNB,107.00,Farmind-3-DVO-PNB,143.00
1875,Farmind-3-PNB-PNB,107.00,Farmind-3-DVO-DVO,202.00
1943,Farmind-3-PNB-PNB,107.00,Farmind-3-DVO-DVO,202.00
1955,Sumifru-6-PNB-PNB,171.40,Sumifru-6-DVO-DVO,171.40
1956,Sumifru-10-DVO-PNB,186.90,Sumifru-10-DVO-DVO,171.40
1958,Farmind-3-PNB-PNB,107.00,Farmind-3-DVO-DVO,202.00
1959,Farmind-3-PNB-PNB,107.00,Farmind-3-DVO-DVO,202.00
1966,"Good Farmer-9-PNB-PNB",163.90,"Good Farmer-9-DVO-PNB",186.90
1971,"Good Farmer-17-PNB-PNB",132.40,"Good Farmer-17-PNB-DVO",178.40
1972,Sumifru-6-PNB-PNB,171.40,Sumifru-6-DVO-DVO,171.40
1973,Sumifru-6-PNB-PNB,171.40,Sumifru-6-DVO-DVO,171.40
1978,"Good Farmer-15-PNB-PNB",149.90,"Good Farmer-15-DVO-PNB",114.60
2008,"Good Farmer-18-PNB-PNB",146.40,"Good Farmer-18-DVO-PNB",169.40
2073,Farmind-18-DVO-PNB,169.40,Farmind-18-DVO-DVO,202.00
2079,Farmind-3-PNB-PNB,107.00,Farmind-3-DVO-DVO,202.00
2076,"Good Farmer-18-PNB-PNB",146.40,"Good Farmer-18-DVO-PNB",169.40
2083,Farmind-18-DVO-PNB,169.40,Farmind-18-DVO-DVO,202.00
2085,"Good Farmer-9-PNB-PNB",163.90,"Good Farmer-9-DVO-DVO",209.90
2088,Farmind-3-PNB-PNB,107.00,Farmind-3-DVO-DVO,202.00
2089,Farmind-3-PNB-PNB,107.00,Farmind-3-DVO-DVO,202.00
2090,Farmind-1-PNB-PNB,107.00,Farmind-1-DVO-DVO,202.20
2094,Sumifru-6-PNB-PNB,171.40,Sumifru-6-DVO-DVO,171.40
2095,Sumifru-6-PNB-PNB,171.40,Sumifru-6-DVO-DVO,171.40
2096,Sumifru-6-PNB-PNB,171.40,Sumifru-6-DVO-DVO,171.40
2097,Sumifru-6-PNB-PNB,171.40,Sumifru-6-DVO-DVO,171.40
2114,Farmind-18-DVO-PNB,169.40,Farmind-18-DVO-DVO,202.00
2133,"Good Farmer-1-PNB-PNB",107.00,"Good Farmer-1-DVO-DVO",202.20
2146,"Good Farmer-2-PNB-PNB",129.20,"Good Farmer-2-PNB-DVO",145.40
2148,"Good Farmer-2-PNB-PNB",129.20,"Good Farmer-2-DVO-PNB",145.40
2149,Sumifru-6-PNB-PNB,171.40,Sumifru-6-DVO-DVO,171.40
2150,Sumifru-6-PNB-PNB,171.40,Sumifru-6-DVO-DVO,171.40
2154,"Good Farmer-17-PNB-PNB",132.40,"Good Farmer-17-PNB-DVO",178.40
2163,ABC-Pantukan-PNB-PNB,130.00,ABC-Pantukan-DVO-DVO,185.00
2166,ABC-Pantukan-PNB-PNB,130.00,ABC-Pantukan-DVO-DVO,185.00
2171,Farmind-3-PNB-PNB,107.00,Farmind-3-DVO-DVO,202.00
2172,Farmind-3-PNB-PNB,107.00,Farmind-3-DVO-DVO,202.00
2173,Farmind-3-PNB-PNB,107.00,Farmind-3-DVO-DVO,202.00
2174,Farmind-3-PNB-PNB,107.00,Farmind-3-DVO-DVO,202.00
2175,"TDC - CLASS B-SVT-PNB-PNB",10.00,"TDC - CLASS B-SVT-DVO-DVO",76.00
2176,"TDC - CLASS B-SVT-PNB-PNB",10.00,"TDC - CLASS B-SVT-DVO-DVO",76.00
2194,"Good Farmer-17-PNB-PNB",132.40,"Good Farmer-17-DVO-PNB",155.40
2197,"Good Farmer-15-PNB-PNB",149.90,"Good Farmer-15-DVO-PNB",114.60
2199,"Good Farmer-15-PNB-PNB",149.90,"Good Farmer-15-DVO-PNB",114.60
2203,"Good Farmer-18-PNB-PNB",146.40,"Good Farmer-18-PNB-DVO",192.40
2204,Farmind-3-PNB-PNB,107.00,Farmind-3-DVO-DVO,202.00
48,Dole-PH04-DVO-DVO,,Dole-4-PNB-PNB,106.80
55,Dole-5-DVO-DVO,,Dole-5-PNB-PNB,125.40
54,Dole-PH12-DVO-DVO,,Dole-12-PNB-PNB,167.40
44,Sumifru-PH06-DVO-DVO,,Sumifru-6-DVO-DVO,171.40
2215,Sumifru-6-PNB-PNB,171.40,Sumifru-6-DVO-DVO,171.40
2231,Sumifru-6-PNB-PNB,171.40,Sumifru-6-DVO-DVO,171.40
2235,"Good Farmer-9-PNB-PNB",163.90,"Good Farmer-9-DVO-DVO",209.90
2236,Farmind-3-PNB-PNB,107.00,Farmind-3-DVO-DVO,202.00
2237,"Good Farmer-15-PNB-PNB",149.90,"Good Farmer-15-DVO-PNB",114.60
2239,Farmind-3-PNB-PNB,107.00,Farmind-3-DVO-DVO,202.00
2244,"Good Farmer-9-PNB-PNB",163.90,"Good Farmer-9-DVO-DVO",209.90
2257,"Good Farmer-11-PNB-PNB",167.40,"Good Farmer-11-DVO-DVO",213.40
2258,"Good Farmer-2-PNB-PNB",129.20,"Good Farmer-2-DVO-DVO",161.60
2260,"Good Farmer-11-PNB-PNB",167.40,"Good Farmer-11-PNB-DVO",213.40
2270,Sumifru-10-DVO-PNB,186.90,Sumifru-10-DVO-DVO,171.40
2271,Sumifru-10-DVO-PNB,186.90,Sumifru-10-DVO-DVO,171.40
2272,Sumifru-10-DVO-PNB,186.90,Sumifru-10-DVO-DVO,171.40
2273,Sumifru-10-DVO-PNB,186.90,Sumifru-10-DVO-DVO,171.40
2274,Sumifru-10-DVO-PNB,186.90,Sumifru-10-DVO-DVO,171.40
2278,Sumifru-10-DVO-PNB,186.90,Sumifru-10-DVO-DVO,171.40
2279,Sumifru-10-DVO-PNB,186.90,Sumifru-10-DVO-DVO,171.40
2280,Sumifru-10-DVO-PNB,186.90,Sumifru-10-DVO-DVO,171.40
2281,Sumifru-10-DVO-PNB,186.90,Sumifru-10-DVO-DVO,171.40
2282,Sumifru-10-DVO-PNB,186.90,Sumifru-10-DVO-DVO,171.40
2283,Sumifru-10-DVO-PNB,186.90,Sumifru-10-DVO-DVO,171.40
2287,"Good Farmer-17-PNB-PNB",132.40,"Good Farmer-17-DVO-PNB",155.40
2772,Farmind-3-PNB-PNB,107.00,Farmind-3-DVO-DVO,202.00
2851,Sumifru-6-PNB-PNB,171.40,Sumifru-6-DVO-DVO,171.40
2317,Sumifru-10-DVO-PNB,186.90,Sumifru-10-DVO-DVO,171.40
2318,Sumifru-10-DVO-PNB,186.90,Sumifru-10-DVO-DVO,171.40
2321,Sumifru-10-DVO-PNB,186.90,Sumifru-10-DVO-DVO,171.40
2323,Farmind-3-PNB-PNB,107.00,Farmind-3-DVO-DVO,202.00
2324,Sumifru-6-PNB-PNB,171.40,Sumifru-6-DVO-DVO,171.40
2329,Sumifru-6-PNB-PNB,171.40,Sumifru-6-DVO-DVO,171.40
2330,Sumifru-6-PNB-PNB,171.40,Sumifru-6-DVO-DVO,171.40
2334,ABC-Donmar-PNB-PNB,361.00,ABC-Donmar-DVO-DVO,340.00
2338,ABC-Donmar-PNB-PNB,361.00,ABC-Donmar-DVO-DVO,340.00
2340,ABC-Cateel-PNB-PNB,308.00,ABC-Cateel-DVO-PNB,362.00
2344,Sumifru-10-DVO-PNB,186.90,Sumifru-10-DVO-DVO,171.40
2348,"TDC - CLASS B-SVT-PNB-PNB",10.00,"TDC - CLASS B-SVT-DVO-DVO",76.00
2349,"TDC - CLASS B-SVT-PNB-PNB",10.00,"TDC - CLASS B-SVT-DVO-DVO",76.00
4460,Sumifru-6-PNB-PNB,171.40,Sumifru-6-DVO-DVO,171.40
2355,Sumifru-6-PNB-PNB,171.40,Sumifru-6-DVO-DVO,171.40
2357,Sumifru-6-PNB-PNB,171.40,Sumifru-6-DVO-DVO,171.40
2360,Sumifru-6-PNB-PNB,171.40,Sumifru-6-DVO-DVO,171.40
2362,Sumifru-6-PNB-PNB,171.40,Sumifru-6-DVO-DVO,171.40
2364,"TDC - CLASS B-SVT-PNB-PNB",10.00,"TDC - CLASS B-SVT-DVO-DVO",76.00
2366,Sumifru-6-PNB-PNB,171.40,Sumifru-6-DVO-DVO,171.40
2367,"TDC - CLASS B-SVT-PNB-PNB",10.00,"TDC - CLASS B-SVT-DVO-DVO",76.00
2369,Sumifru-6-PNB-PNB,171.40,Sumifru-6-DVO-DVO,171.40
2372,"TDC - CLASS B-SVT-PNB-PNB",10.00,"TDC - CLASS B-SVT-DVO-DVO",76.00
2374,Sumifru-6-PNB-PNB,171.40,Sumifru-6-DVO-DVO,171.40
2382,Farmind-3-PNB-PNB,107.00,Farmind-3-DVO-DVO,202.00
2383,Farmind-3-PNB-PNB,107.00,Farmind-3-DVO-DVO,202.00
2387,Farmind-3-PNB-PNB,107.00,Farmind-3-DVO-DVO,202.00
2388,Sumifru-6-PNB-PNB,171.40,Sumifru-6-DVO-DVO,171.40
2389,Farmind-3-PNB-PNB,107.00,Farmind-3-DVO-DVO,202.00
2390,Farmind-3-PNB-PNB,107.00,Farmind-3-DVO-DVO,202.00
2392,Sumifru-10-DVO-PNB,186.90,Sumifru-10-DVO-DVO,171.40
2395,Sumifru-10-DVO-PNB,186.90,Sumifru-10-DVO-DVO,171.40
2397,Sumifru-10-DVO-PNB,186.90,Sumifru-10-DVO-DVO,171.40
2403,Sumifru-10-DVO-PNB,186.90,Sumifru-10-DVO-DVO,171.40
2404,Sumifru-10-DVO-PNB,186.90,Sumifru-10-DVO-DVO,171.40
2405,Sumifru-10-DVO-PNB,186.90,Sumifru-10-DVO-DVO,171.40
2577,Sumifru-10-DVO-PNB,186.90,Sumifru-10-DVO-DVO,171.40
2578,ABC-Donmar-PNB-PNB,361.00,ABC-Donmar-DVO-DVO,340.00
2579,ABC-Donmar-PNB-PNB,361.00,ABC-Donmar-DVO-DVO,340.00
2593,"Good Farmer-11-PNB-PNB",167.40,"Good Farmer-11-DVO-DVO",213.40
2596,ABC-Pantukan-PNB-PNB,130.00,ABC-Pantukan-DVO-DVO,185.00
2598,ABC-Pantukan-PNB-PNB,130.00,ABC-Pantukan-DVO-DVO,185.00
2599,Farmind-3-PNB-PNB,107.00,Farmind-3-DVO-DVO,202.00
2600,Farmind-3-PNB-PNB,107.00,Farmind-3-DVO-PNB,143.00
2601,Farmind-3-PNB-PNB,107.00,Farmind-3-DVO-DVO,202.00
2602,Sumifru-10-DVO-PNB,186.90,Sumifru-10-DVO-DVO,171.40
2603,Sumifru-10-DVO-PNB,186.90,Sumifru-10-DVO-DVO,171.40
2604,Sumifru-10-DVO-PNB,186.90,Sumifru-10-DVO-DVO,171.40
2605,Sumifru-10-DVO-PNB,186.90,Sumifru-10-DVO-DVO,171.40
2606,Sumifru-10-DVO-PNB,186.90,Sumifru-10-DVO-DVO,171.40
2612,Sumifru-10-DVO-PNB,186.90,Sumifru-10-DVO-DVO,171.40
2613,Sumifru-10-DVO-PNB,186.90,Sumifru-10-DVO-DVO,171.40
2614,Sumifru-10-DVO-PNB,186.90,Sumifru-10-DVO-DVO,171.40
2615,Sumifru-10-DVO-PNB,186.90,Sumifru-10-DVO-DVO,171.40
2852,Sumifru-6-PNB-PNB,171.40,Sumifru-6-DVO-DVO,171.40
2621,Sumifru-10-DVO-PNB,186.90,Sumifru-10-DVO-DVO,171.40
2805,Sumifru-10-DVO-PNB,186.90,Sumifru-10-DVO-DVO,171.40
3070,Farmind-18-DVO-PNB,169.40,Farmind-18-DVO-DVO,202.00
3072,Farmind-18-DVO-PNB,169.40,Farmind-18-DVO-DVO,202.00
3083,"Good Farmer-2-PNB-PNB",129.20,"Good Farmer-2-DVO-DVO",161.60
3085,"Good Farmer-18-PNB-PNB",146.40,"Good Farmer-18-DVO-DVO",192.40
3086,"Good Farmer-18-PNB-PNB",146.40,"Good Farmer-18-DVO-DVO",192.40
3090,Sumifru-6-PNB-PNB,171.40,Sumifru-6-DVO-DVO,171.40
3097,ABC-Donmar-PNB-PNB,361.00,ABC-Donmar-DVO-DVO,340.00
3101,ABC-Pantukan-PNB-PNB,130.00,ABC-Pantukan-DVO-DVO,185.00
3102,ABC-Pantukan-PNB-PNB,130.00,ABC-Pantukan-DVO-DVO,185.00
3103,ABC-Donmar-PNB-PNB,361.00,ABC-Donmar-DVO-PNB,323.00
3112,ABC-Pantukan-PNB-PNB,130.00,ABC-Pantukan-DVO-DVO,185.00
3113,"TDC - CLASS B-SVT-PNB-PNB",10.00,"TDC - CLASS B-SVT-DVO-DVO",76.00
3116,Sumifru-6-PNB-PNB,171.40,Sumifru-6-DVO-DVO,171.40
3119,Sumifru-6-PNB-PNB,171.40,Sumifru-6-DVO-DVO,171.40
3122,Sumifru-10-DVO-PNB,186.90,Sumifru-10-DVO-DVO,171.40
3123,Sumifru-10-DVO-PNB,186.90,Sumifru-10-DVO-DVO,171.40
3153,Sumifru-10-DVO-PNB,186.90,Sumifru-10-DVO-DVO,171.40
3331,Farmind-3-PNB-PNB,107.00,Farmind-3-DVO-PNB,143.00
3332,Farmind-3-PNB-PNB,107.00,Farmind-3-DVO-DVO,202.00
3333,Farmind-3-PNB-PNB,107.00,Farmind-3-DVO-PNB,143.00
3334,Sumifru-6-PNB-PNB,171.40,Sumifru-6-DVO-DVO,171.40
3339,Sumifru-6-PNB-PNB,171.40,Sumifru-6-DVO-DVO,171.40
3343,Sumifru-6-PNB-PNB,171.40,Sumifru-6-DVO-DVO,171.40
3348,"Good Farmer-15-PNB-PNB",149.90,"Good Farmer-15-DVO-PNB",114.60
3353,Farmind-18-DVO-PNB,169.40,Farmind-18-DVO-DVO,202.00
3355,Sumifru-10-DVO-PNB,186.90,Sumifru-10-DVO-DVO,171.40
3356,Sumifru-10-DVO-PNB,186.90,Sumifru-10-DVO-DVO,171.40
3357,Sumifru-10-DVO-PNB,186.90,Sumifru-10-DVO-DVO,171.40
3358,Sumifru-10-DVO-PNB,186.90,Sumifru-10-DVO-DVO,171.40
3359,Sumifru-10-DVO-PNB,186.90,Sumifru-10-DVO-DVO,171.40
3360,Sumifru-10-DVO-PNB,186.90,Sumifru-10-DVO-DVO,171.40
3361,Sumifru-10-DVO-PNB,186.90,Sumifru-10-DVO-DVO,171.40
3362,Sumifru-10-DVO-PNB,186.90,Sumifru-10-DVO-DVO,171.40
3371,Farmind-3-PNB-PNB,107.00,Farmind-3-DVO-DVO,202.00
3374,Sumifru-10-DVO-PNB,186.90,Sumifru-10-DVO-DVO,171.40
3377,"Good Farmer-17-PNB-PNB",132.40,"Good Farmer-17-DVO-PNB",155.40
3380,"Good Farmer-17-PNB-PNB",132.40,"Good Farmer-17-DVO-DVO",178.40
3389,"Good Farmer-9-PNB-PNB",163.90,"Good Farmer-9-DVO-DVO",209.90
3402,"Good Farmer-1-PNB-PNB",107.00,"Good Farmer-1-DVO-DVO",202.20
3404,"Good Farmer-2-PNB-PNB",129.20,"Good Farmer-2-DVO-DVO",161.60
3405,Farmind-3-PNB-PNB,107.00,Farmind-3-DVO-DVO,202.00
3407,Farmind-3-PNB-PNB,107.00,Farmind-3-DVO-PNB,143.00
3408,"Good Farmer-2-PNB-PNB",129.20,"Good Farmer-2-DVO-PNB",145.40
3411,ABC-Pantukan-PNB-PNB,130.00,ABC-Pantukan-DVO-DVO,185.00
3412,ABC-Cateel-PNB-PNB,308.00,ABC-Cateel-PNB-DVO,362.00
3414,ABC-Donmar-PNB-PNB,361.00,ABC-Donmar-PNB-DVO,323.00
3422,ABC-Donmar-PNB-PNB,361.00,ABC-Donmar-DVO-DVO,340.00
3426,Sumifru-6-PNB-PNB,171.40,Sumifru-6-DVO-DVO,171.40
3427,Sumifru-6-PNB-PNB,171.40,Sumifru-6-DVO-DVO,171.40
3428,Sumifru-6-PNB-PNB,171.40,Sumifru-6-DVO-DVO,171.40
3429,ABC-Donmar-PNB-PNB,361.00,ABC-Donmar-DVO-DVO,340.00
3435,ABC-Donmar-PNB-PNB,361.00,ABC-Donmar-DVO-PNB,323.00
3436,ABC-Pantukan-PNB-PNB,130.00,ABC-Pantukan-DVO-DVO,185.00
3438,ABC-Pantukan-PNB-PNB,130.00,ABC-Pantukan-DVO-DVO,185.00
3440,"TDC - CLASS B-SVT-PNB-PNB",10.00,"TDC - CLASS B-SVT-DVO-DVO",76.00
3443,"TDC - CLASS B-SVT-PNB-PNB",10.00,"TDC - CLASS B-SVT-DVO-DVO",76.00
3444,Farmind-3-PNB-PNB,107.00,Farmind-3-DVO-DVO,202.00
3446,Farmind-18-DVO-PNB,169.40,Farmind-18-DVO-DVO,202.00
3447,ABC-Pantukan-PNB-PNB,130.00,ABC-Pantukan-DVO-PNB,156.00
3448,Farmind-18-DVO-PNB,169.40,Farmind-18-DVO-DVO,202.00
3454,ABC-Pantukan-PNB-PNB,130.00,ABC-Pantukan-DVO-DVO,185.00
3458,Farmind-3-PNB-PNB,107.00,Farmind-3-DVO-PNB,143.00
3459,Farmind-3-PNB-PNB,107.00,Farmind-3-DVO-DVO,202.00
3460,Farmind-3-PNB-PNB,107.00,Farmind-3-DVO-DVO,202.00
3461,ABC-Pantukan-PNB-PNB,130.00,ABC-Pantukan-DVO-PNB,156.00
3571,"Good Farmer-9-PNB-PNB",163.90,"Good Farmer-9-DVO-PNB",186.90
3572,Farmind-3-PNB-PNB,107.00,Farmind-3-DVO-DVO,202.00
3573,Farmind-3-PNB-PNB,107.00,Farmind-3-DVO-DVO,202.00
3577,"Good Farmer-15-PNB-PNB",149.90,"Good Farmer-15-DVO-PNB",114.60
3578,"Good Farmer-15-PNB-PNB",149.90,"Good Farmer-15-DVO-DVO",156.40
3579,"Good Farmer-15-PNB-PNB",149.90,"Good Farmer-15-DVO-DVO",156.40
3597,Sumifru-10-DVO-PNB,186.90,Sumifru-10-DVO-DVO,171.40
3598,Sumifru-10-DVO-PNB,186.90,Sumifru-10-DVO-DVO,171.40
3599,Sumifru-10-DVO-PNB,186.90,Sumifru-10-DVO-DVO,171.40
4450,"Good Farmer-1-PNB-PNB",107.00,"Good Farmer-1-DVO-PNB",143.00
3732,Farmind-18-DVO-PNB,169.40,Farmind-18-DVO-DVO,202.00
3748,"Good Farmer-15-PNB-PNB",149.90,"Good Farmer-15-DVO-DVO",156.40
3749,ABC-Cateel-PNB-PNB,308.00,ABC-Cateel-PNB-DVO,362.00
3752,"TDC - CLASS B-SVT-PNB-PNB",10.00,"TDC - CLASS B-SVT-DVO-DVO",76.00
3756,"TDC - CLASS B-SVT-PNB-PNB",10.00,"TDC - CLASS B-SVT-DVO-DVO",76.00
3757,Sumifru-6-PNB-PNB,171.40,Sumifru-6-DVO-DVO,171.40
3759,ABC-Pantukan-PNB-PNB,130.00,ABC-Pantukan-DVO-DVO,185.00
3763,Farmind-3-PNB-PNB,107.00,Farmind-3-DVO-PNB,143.00
3764,Farmind-3-PNB-PNB,107.00,Farmind-3-DVO-DVO,202.00
6564,Sumifru-6-PNB-PNB,171.40,Sumifru-6-DVO-DVO,171.40
3780,"Good Farmer-17-PNB-PNB",132.40,"Good Farmer-17-DVO-DVO",178.40
3781,Sumifru-6-PNB-PNB,171.40,Sumifru-6-DVO-DVO,171.40
3790,Sumifru-6-PNB-PNB,171.40,Sumifru-6-DVO-DVO,171.40
3791,ABC-Cateel-PNB-PNB,308.00,ABC-Cateel-DVO-PNB,362.00
3795,"TDC - CLASS B-SVT-PNB-PNB",10.00,"TDC - CLASS B-SVT-DVO-DVO",76.00
3797,ABC-Pantukan-PNB-PNB,130.00,ABC-Pantukan-DVO-DVO,185.00
3801,Farmind-3-PNB-PNB,107.00,Farmind-3-DVO-DVO,202.00
3869,Farmind-3-PNB-PNB,107.00,Farmind-3-DVO-PNB,143.00
3870,Farmind-3-PNB-PNB,107.00,Farmind-3-DVO-DVO,202.00
3915,"Good Farmer-15-PNB-PNB",149.90,"Good Farmer-15-DVO-DVO",156.40
3918,"Good Farmer-15-PNB-PNB",149.90,"Good Farmer-15-DVO-DVO",156.40
3920,"Good Farmer-15-PNB-PNB",149.90,"Good Farmer-15-DVO-DVO",156.40
3921,"Good Farmer-15-PNB-PNB",149.90,"Good Farmer-15-DVO-DVO",156.40
3923,"Good Farmer-15-PNB-PNB",149.90,"Good Farmer-15-DVO-DVO",156.40
3925,"Good Farmer-2-PNB-PNB",129.20,"Good Farmer-2-DVO-PNB",145.40
3941,Farmind-3-PNB-PNB,107.00,Farmind-3-DVO-DVO,202.00
3942,Farmind-3-PNB-PNB,107.00,Farmind-3-DVO-DVO,202.00
3943,Farmind-3-PNB-PNB,107.00,Farmind-3-DVO-DVO,202.00
3944,Farmind-3-PNB-PNB,107.00,Farmind-3-DVO-DVO,202.00
3977,ABC-Pantukan-PNB-PNB,130.00,ABC-Pantukan-DVO-PNB,156.00
3980,"TDC - CLASS B-SVT-PNB-PNB",10.00,"TDC - CLASS B-SVT-DVO-DVO",76.00
3989,Farmind-3-PNB-PNB,107.00,Farmind-3-DVO-DVO,202.00
4012,Sumifru-6-PNB-PNB,171.40,Sumifru-6-DVO-DVO,171.40
4014,Sumifru-6-PNB-PNB,171.40,Sumifru-6-DVO-DVO,171.40
4019,Sumifru-6-PNB-PNB,171.40,Sumifru-6-DVO-DVO,171.40
4020,Sumifru-6-PNB-PNB,171.40,Sumifru-6-DVO-DVO,171.40
4022,Sumifru-10-DVO-PNB,186.90,Sumifru-10-DVO-DVO,171.40
4032,Sumifru-10-DVO-PNB,186.90,Sumifru-10-DVO-DVO,171.40
4038,Sumifru-10-DVO-PNB,186.90,Sumifru-10-DVO-DVO,171.40
4044,"Good Farmer-15-PNB-PNB",149.90,"Good Farmer-15-DVO-DVO",156.40
4047,"Good Farmer-15-PNB-PNB",149.90,"Good Farmer-15-DVO-DVO",156.40
4060,"Good Farmer-11-PNB-PNB",167.40,"Good Farmer-11-DVO-DVO",213.40
4072,"Good Farmer-17-PNB-PNB",132.40,"Good Farmer-17-DVO-DVO",178.40
4073,"Good Farmer-2-PNB-PNB",129.20,"Good Farmer-2-DVO-PNB",145.40
4103,Sumifru-6-PNB-PNB,171.40,Sumifru-6-DVO-DVO,171.40
4104,Sumifru-10-DVO-PNB,186.90,Sumifru-10-DVO-DVO,171.40
4105,Sumifru-6-PNB-PNB,171.40,Sumifru-6-DVO-DVO,171.40
4156,"Good Farmer-18-PNB-PNB",146.40,"Good Farmer-18-DVO-DVO",192.40
4181,"Good Farmer-11-PNB-PNB",167.40,"Good Farmer-11-PNB-DVO",213.40
4183,Farmind-18-DVO-PNB,169.40,Farmind-18-DVO-DVO,202.00
4186,Sumifru-10-DVO-PNB,186.90,Sumifru-10-DVO-DVO,171.40
4187,"Good Farmer-15-PNB-PNB",149.90,"Good Farmer-15-PNB-DVO",114.60
4189,ABC-Cateel-PNB-PNB,308.00,ABC-Cateel-PNB-DVO,362.00
4193,ABC-Cateel-PNB-PNB,308.00,ABC-Cateel-DVO-PNB,362.00
4194,ABC-Pantukan-PNB-PNB,130.00,ABC-Pantukan-DVO-DVO,185.00
4196,ABC-Cateel-PNB-PNB,308.00,ABC-Cateel-DVO-PNB,362.00
4198,ABC-Pantukan-PNB-PNB,130.00,ABC-Pantukan-DVO-DVO,185.00
4199,"TDC - CLASS B-SVT-PNB-PNB",10.00,"TDC - CLASS B-SVT-DVO-DVO",76.00
4202,ABC-Cateel-PNB-PNB,308.00,ABC-Cateel-DVO-DVO,378.00
4203,Sumifru-10-DVO-PNB,186.90,Sumifru-10-DVO-DVO,171.40
4204,Sumifru-10-DVO-PNB,186.90,Sumifru-10-DVO-DVO,171.40
4205,Sumifru-10-DVO-PNB,186.90,Sumifru-10-DVO-DVO,171.40
4206,Sumifru-10-DVO-PNB,186.90,Sumifru-10-DVO-DVO,171.40
4207,Sumifru-10-DVO-PNB,186.90,Sumifru-10-DVO-DVO,171.40
4208,Sumifru-10-DVO-PNB,186.90,Sumifru-10-DVO-DVO,171.40
4209,Sumifru-10-DVO-PNB,186.90,Sumifru-10-DVO-DVO,171.40
4210,Sumifru-6-PNB-PNB,171.40,Sumifru-6-DVO-DVO,171.40
4211,Sumifru-6-PNB-PNB,171.40,Sumifru-6-DVO-DVO,171.40
4212,Sumifru-6-PNB-PNB,171.40,Sumifru-6-DVO-DVO,171.40
4213,Sumifru-6-PNB-PNB,171.40,Sumifru-6-DVO-DVO,171.40
4214,Sumifru-6-PNB-PNB,171.40,Sumifru-6-DVO-DVO,171.40
4226,"Good Farmer-9-PNB-PNB",163.90,"Good Farmer-9-DVO-PNB",186.90
4229,"Good Farmer-11-PNB-PNB",167.40,"Good Farmer-11-PNB-DVO",213.40
4231,Farmind-3-PNB-PNB,107.00,Farmind-3-DVO-DVO,202.00
4237,"Good Farmer-15-PNB-PNB",149.90,"Good Farmer-15-PNB-DVO",114.60
4238,Sumifru-6-PNB-PNB,171.40,Sumifru-6-DVO-DVO,171.40
4241,Farmind-3-PNB-PNB,107.00,Farmind-3-DVO-DVO,202.00
4242,Farmind-3-PNB-PNB,107.00,Farmind-3-DVO-DVO,202.00
4243,Farmind-3-PNB-PNB,107.00,Farmind-3-DVO-DVO,202.00
4245,Farmind-3-PNB-PNB,107.00,Farmind-3-DVO-DVO,202.00
4252,Sumifru-6-PNB-PNB,171.40,Sumifru-6-DVO-DVO,171.40
4253,Sumifru-6-PNB-PNB,171.40,Sumifru-6-DVO-DVO,171.40
4270,"Good Farmer-15-PNB-PNB",149.90,"Good Farmer-15-PNB-DVO",114.60
4272,Farmind-3-PNB-PNB,107.00,Farmind-3-DVO-DVO,202.00
4273,Farmind-3-PNB-PNB,107.00,Farmind-3-DVO-DVO,202.00
4382,"Good Farmer-15-PNB-PNB",149.90,"Good Farmer-15-PNB-DVO",114.60
4384,Farmind-18-DVO-PNB,169.40,Farmind-18-DVO-DVO,202.00
4385,Farmind-3-PNB-PNB,107.00,Farmind-3-DVO-DVO,202.00
4386,Farmind-3-PNB-PNB,107.00,Farmind-3-DVO-DVO,202.00
4391,ABC-Cateel-PNB-PNB,308.00,ABC-Cateel-DVO-PNB,362.00
4429,Farmind-3-PNB-PNB,107.00,Farmind-3-DVO-DVO,202.00
4432,Farmind-3-PNB-PNB,107.00,Farmind-3-DVO-DVO,202.00
4455,Sumifru-6-PNB-PNB,171.40,Sumifru-6-DVO-DVO,171.40
4579,"TDC - CLASS B-SVT-PNB-PNB",10.00,"TDC - CLASS B-SVT-DVO-DVO",76.00
4580,"TDC - CLASS B-SVT-PNB-PNB",10.00,"TDC - CLASS B-SVT-DVO-DVO",76.00
4581,ABC-Pantukan-PNB-PNB,130.00,ABC-Pantukan-DVO-DVO,185.00
4614,Sumifru-6-PNB-PNB,171.40,Sumifru-6-DVO-DVO,171.40
4618,"Good Farmer-11-PNB-PNB",167.40,"Good Farmer-11-DVO-DVO",213.40
4619,"Good Farmer-18-PNB-PNB",146.40,"Good Farmer-18-DVO-DVO",192.40
4622,"Good Farmer-15-PNB-PNB",149.90,"Good Farmer-15-PNB-DVO",114.60
4623,Farmind-18-DVO-PNB,169.40,Farmind-18-DVO-DVO,202.00
4624,Farmind-3-PNB-PNB,107.00,Farmind-3-DVO-DVO,202.00
4631,ABC-Pantukan-PNB-PNB,130.00,ABC-Pantukan-DVO-DVO,185.00
4637,ABC-Donmar-PNB-PNB,361.00,ABC-Donmar-DVO-PNB,323.00
4639,ABC-Donmar-PNB-PNB,361.00,ABC-Donmar-DVO-DVO,340.00
4641,ABC-Cateel-PNB-PNB,308.00,ABC-Cateel-DVO-PNB,362.00
4663,"TDC - CLASS B-SVT-PNB-PNB",10.00,"TDC - CLASS B-SVT-DVO-DVO",76.00
4703,"Good Farmer-2-PNB-PNB",129.20,"Good Farmer-2-DVO-DVO",161.60
4705,"Good Farmer-15-PNB-PNB",149.90,"Good Farmer-15-PNB-DVO",114.60
4713,Sumifru-6-PNB-PNB,171.40,Sumifru-6-DVO-DVO,171.40
4717,Sumifru-6-PNB-PNB,171.40,Sumifru-6-DVO-DVO,171.40
4718,Sumifru-10-DVO-PNB,186.90,Sumifru-10-DVO-DVO,171.40
4721,Sumifru-6-PNB-PNB,171.40,Sumifru-6-DVO-DVO,171.40
4723,Farmind-3-PNB-PNB,107.00,Farmind-3-DVO-DVO,202.00
4727,Farmind-3-PNB-PNB,107.00,Farmind-3-DVO-DVO,202.00
4748,Sumifru-10-DVO-PNB,186.90,Sumifru-10-DVO-DVO,171.40
4749,Sumifru-10-DVO-PNB,186.90,Sumifru-10-DVO-DVO,171.40
4750,Sumifru-10-DVO-PNB,186.90,Sumifru-10-DVO-DVO,171.40
4751,Sumifru-10-DVO-PNB,186.90,Sumifru-10-DVO-DVO,171.40
4752,Sumifru-10-DVO-PNB,186.90,Sumifru-10-DVO-DVO,171.40
4753,Sumifru-10-DVO-PNB,186.90,Sumifru-10-DVO-DVO,171.40
4759,Sumifru-10-DVO-PNB,186.90,Sumifru-10-DVO-DVO,171.40
4760,Sumifru-10-DVO-PNB,186.90,Sumifru-10-DVO-DVO,171.40
4762,Sumifru-10-DVO-PNB,186.90,Sumifru-10-DVO-DVO,171.40
4763,Sumifru-10-DVO-PNB,186.90,Sumifru-10-DVO-DVO,171.40
4764,Sumifru-10-DVO-PNB,186.90,Sumifru-10-DVO-DVO,171.40
4765,Sumifru-10-DVO-PNB,186.90,Sumifru-10-DVO-DVO,171.40
4773,Sumifru-6-PNB-PNB,171.40,Sumifru-6-DVO-DVO,171.40
4774,Sumifru-6-PNB-PNB,171.40,Sumifru-6-DVO-DVO,171.40
4775,Sumifru-6-PNB-PNB,171.40,Sumifru-6-DVO-DVO,171.40
4776,Sumifru-6-PNB-PNB,171.40,Sumifru-6-DVO-DVO,171.40
4778,Sumifru-10-DVO-PNB,186.90,Sumifru-10-DVO-DVO,171.40
4779,Sumifru-10-DVO-PNB,186.90,Sumifru-10-DVO-DVO,171.40
4782,Farmind-3-PNB-PNB,107.00,Farmind-3-DVO-DVO,202.00
4834,Farmind-18-DVO-PNB,169.40,Farmind-18-DVO-DVO,202.00
4798,"Good Farmer-15-PNB-PNB",149.90,"Good Farmer-15-PNB-DVO",114.60
4800,"Good Farmer-17-PNB-PNB",132.40,"Good Farmer-17-PNB-DVO",178.40
4809,"Good Farmer-15-PNB-PNB",149.90,"Good Farmer-15-PNB-DVO",114.60
4810,Sumifru-10-DVO-PNB,186.90,Sumifru-10-DVO-DVO,171.40
4811,Sumifru-10-DVO-PNB,186.90,Sumifru-10-DVO-DVO,171.40
4812,Sumifru-10-DVO-PNB,186.90,Sumifru-10-DVO-DVO,171.40
4818,Sumifru-10-DVO-PNB,186.90,Sumifru-10-DVO-DVO,171.40
4819,Sumifru-10-DVO-PNB,186.90,Sumifru-10-DVO-DVO,171.40
4820,Sumifru-10-DVO-PNB,186.90,Sumifru-10-DVO-DVO,171.40
4835,Farmind-18-DVO-PNB,169.40,Farmind-18-DVO-DVO,202.00
4838,"TDC - CLASS B-SVT-PNB-PNB",10.00,"TDC - CLASS B-SVT-DVO-DVO",76.00
4839,ABC-Cateel-PNB-PNB,308.00,ABC-Cateel-DVO-PNB,362.00
4841,ABC-Pantukan-PNB-PNB,130.00,ABC-Pantukan-DVO-DVO,185.00
4842,ABC-Cateel-PNB-PNB,308.00,ABC-Cateel-DVO-PNB,362.00
4843,ABC-Donmar-PNB-PNB,361.00,ABC-Donmar-PNB-DVO,323.00
4853,ABC-Pantukan-PNB-PNB,130.00,ABC-Pantukan-DVO-DVO,185.00
4870,ABC-Pantukan-PNB-PNB,130.00,ABC-Pantukan-DVO-DVO,185.00
4871,ABC-Pantukan-PNB-PNB,130.00,ABC-Pantukan-DVO-DVO,185.00
4875,"TDC - CLASS B-SVT-PNB-PNB",10.00,"TDC - CLASS B-SVT-DVO-DVO",76.00
4940,"Good Farmer-9-PNB-PNB",163.90,"Good Farmer-9-DVO-DVO",209.90
4941,Sumifru-6-PNB-PNB,171.40,Sumifru-6-DVO-DVO,171.40
4942,Sumifru-10-DVO-PNB,186.90,Sumifru-10-DVO-DVO,171.40
4943,Sumifru-10-DVO-PNB,186.90,Sumifru-10-DVO-DVO,171.40
4944,Sumifru-6-PNB-PNB,171.40,Sumifru-6-DVO-DVO,171.40
4945,Sumifru-6-PNB-PNB,171.40,Sumifru-6-DVO-DVO,171.40
4946,Sumifru-6-PNB-PNB,171.40,Sumifru-6-DVO-DVO,171.40
4947,Sumifru-6-PNB-PNB,171.40,Sumifru-6-DVO-DVO,171.40
4948,Sumifru-10-DVO-PNB,186.90,Sumifru-10-DVO-DVO,171.40
4949,Sumifru-10-DVO-PNB,186.90,Sumifru-10-DVO-DVO,171.40
4969,Sumifru-6-PNB-PNB,171.40,Sumifru-6-DVO-DVO,171.40
4971,Farmind-3-PNB-PNB,107.00,Farmind-3-DVO-DVO,202.00
4972,Farmind-3-PNB-PNB,107.00,Farmind-3-DVO-DVO,202.00
4977,ABC-Donmar-PNB-PNB,361.00,ABC-Donmar-DVO-DVO,340.00
4978,ABC-Donmar-PNB-PNB,361.00,ABC-Donmar-DVO-DVO,340.00
4980,ABC-Pantukan-PNB-PNB,130.00,ABC-Pantukan-DVO-PNB,156.00
4981,ABC-Pantukan-PNB-PNB,130.00,ABC-Pantukan-PNB-DVO,185.00
4982,"Good Farmer-11-PNB-PNB",167.40,"Good Farmer-11-PNB-DVO",213.40
4986,Sumifru-6-PNB-PNB,171.40,Sumifru-6-DVO-DVO,171.40
4989,Farmind-18-DVO-PNB,169.40,Farmind-18-DVO-DVO,202.00
4993,Farmind-18-DVO-PNB,169.40,Farmind-18-DVO-DVO,202.00
5036,Farmind-18-DVO-PNB,169.40,Farmind-18-DVO-DVO,202.00
5037,Farmind-18-DVO-PNB,169.40,Farmind-18-DVO-DVO,202.00
5038,Farmind-18-DVO-PNB,169.40,Farmind-18-DVO-DVO,202.00
5041,"Good Farmer-18-PNB-PNB",146.40,"Good Farmer-18-PNB-DVO",192.40
5039,Farmind-18-DVO-PNB,169.40,Farmind-18-DVO-DVO,202.00
5088,"Good Farmer-17-PNB-PNB",132.40,"Good Farmer-17-DVO-DVO",178.40
5175,Sumifru-6-PNB-PNB,171.40,Sumifru-6-DVO-DVO,171.40
5176,Sumifru-6-PNB-PNB,171.40,Sumifru-6-DVO-DVO,171.40
5177,Sumifru-10-DVO-PNB,186.90,Sumifru-10-DVO-DVO,171.40
5179,Sumifru-10-DVO-PNB,186.90,Sumifru-10-DVO-DVO,171.40
5200,Sumifru-6-PNB-PNB,171.40,Sumifru-6-DVO-DVO,171.40
5201,Sumifru-6-PNB-PNB,171.40,Sumifru-6-DVO-DVO,171.40
5202,Sumifru-6-PNB-PNB,171.40,Sumifru-6-DVO-DVO,171.40
5203,Sumifru-6-PNB-PNB,171.40,Sumifru-6-DVO-DVO,171.40
5312,Sumifru-6-PNB-PNB,171.40,Sumifru-6-DVO-DVO,171.40
6670,"TDC - CLASS B-SVT-PNB-PNB",10.00,"TDC - CLASS B-SVT-DVO-DVO",76.00
6654,Farmind-3-PNB-PNB,107.00,Farmind-3-DVO-DVO,202.00
6671,"TDC - CLASS B-SVT-PNB-PNB",10.00,"TDC - CLASS B-SVT-DVO-DVO",76.00
6727,Sumifru-10-DVO-PNB,186.90,Sumifru-10-DVO-DVO,171.40
6759,Farmind-1-PNB-PNB,107.00,Farmind-1-DVO-DVO,202.20
5297,Farmind-3-PNB-PNB,107.00,Farmind-3-DVO-PNB,143.00
5299,Farmind-3-PNB-PNB,107.00,Farmind-3-DVO-DVO,202.00
5326,Sumifru-6-PNB-PNB,171.40,Sumifru-6-DVO-DVO,171.40
6655,Farmind-3-PNB-PNB,107.00,Farmind-3-DVO-DVO,202.00
6656,Farmind-3-PNB-PNB,107.00,Farmind-3-DVO-PNB,143.00
6657,Farmind-3-PNB-PNB,107.00,Farmind-3-DVO-DVO,202.00
5384,Sumifru-10-DVO-PNB,186.90,Sumifru-10-DVO-DVO,171.40
5390,Sumifru-10-DVO-PNB,186.90,Sumifru-10-DVO-DVO,171.40
5391,Sumifru-10-DVO-PNB,186.90,Sumifru-10-DVO-DVO,171.40
5392,Farmind-3-PNB-PNB,107.00,Farmind-3-DVO-DVO,202.00
5393,Sumifru-10-DVO-PNB,186.90,Sumifru-10-DVO-DVO,171.40
5399,ABC-Pantukan-PNB-PNB,130.00,ABC-Pantukan-DVO-DVO,185.00
5401,ABC-Donmar-PNB-PNB,361.00,ABC-Donmar-DVO-DVO,340.00
5404,ABC-Donmar-PNB-PNB,361.00,ABC-Donmar-DVO-PNB,323.00
5407,ABC-Cateel-PNB-PNB,308.00,ABC-Cateel-DVO-PNB,362.00
5411,Farmind-3-PNB-PNB,107.00,Farmind-3-DVO-DVO,202.00
5413,"TDC - CLASS B-SVT-PNB-PNB",10.00,"TDC - CLASS B-SVT-DVO-DVO",76.00
5415,"TDC - CLASS B-SVT-PNB-PNB",10.00,"TDC - CLASS B-SVT-DVO-DVO",76.00
5416,"TDC - CLASS B-SVT-PNB-PNB",10.00,"TDC - CLASS B-SVT-DVO-DVO",76.00
5419,"Good Farmer-18-PNB-PNB",146.40,"Good Farmer-18-PNB-DVO",192.40
5434,ABC-Donmar-PNB-PNB,361.00,ABC-Donmar-DVO-DVO,340.00
5435,ABC-Cateel-PNB-PNB,308.00,ABC-Cateel-DVO-PNB,362.00
5440,"Good Farmer-17-PNB-PNB",132.40,"Good Farmer-17-DVO-PNB",155.40
5448,Farmind-3-PNB-PNB,107.00,Farmind-3-DVO-DVO,202.00
5449,Farmind-3-PNB-PNB,107.00,Farmind-3-DVO-DVO,202.00
5451,Sumifru-10-DVO-PNB,186.90,Sumifru-10-DVO-DVO,171.40
5452,Sumifru-6-PNB-PNB,171.40,Sumifru-6-DVO-DVO,171.40
5502,ABC-Donmar-PNB-PNB,361.00,ABC-Donmar-DVO-DVO,340.00
5503,ABC-Pantukan-PNB-PNB,130.00,ABC-Pantukan-DVO-DVO,185.00
5504,ABC-Pantukan-PNB-PNB,130.00,ABC-Pantukan-DVO-DVO,185.00
5505,ABC-Pantukan-PNB-PNB,130.00,ABC-Pantukan-DVO-DVO,185.00
6583,"TDC - CLASS B-SVT-PNB-PNB",10.00,"TDC - CLASS B-SVT-DVO-DVO",76.00
5517,ABC-Cateel-PNB-PNB,308.00,ABC-Cateel-DVO-PNB,362.00
5518,"Good Farmer-15-PNB-PNB",149.90,"Good Farmer-15-DVO-DVO",156.40
5519,Farmind-3-PNB-PNB,107.00,Farmind-3-DVO-DVO,202.00
5525,Sumifru-10-DVO-PNB,186.90,Sumifru-10-DVO-DVO,171.40
5526,Sumifru-10-DVO-PNB,186.90,Sumifru-10-DVO-DVO,171.40
5528,Sumifru-10-DVO-PNB,186.90,Sumifru-10-DVO-DVO,171.40
5530,Sumifru-6-PNB-PNB,171.40,Sumifru-6-DVO-DVO,171.40
5532,Sumifru-6-PNB-PNB,171.40,Sumifru-6-DVO-DVO,171.40
5535,"Good Farmer-15-PNB-PNB",149.90,"Good Farmer-15-DVO-DVO",156.40
5544,Sumifru-6-PNB-PNB,171.40,Sumifru-6-DVO-DVO,171.40
6585,ABC-Cateel-PNB-PNB,308.00,ABC-Cateel-DVO-PNB,362.00
5587,Sumifru-6-PNB-PNB,171.40,Sumifru-6-DVO-DVO,171.40
5596,Sumifru-6-PNB-PNB,171.40,Sumifru-6-DVO-DVO,171.40
6672,"TDC - CLASS B-SVT-PNB-PNB",10.00,"TDC - CLASS B-SVT-DVO-DVO",76.00
5604,"Good Farmer-18-PNB-PNB",146.40,"Good Farmer-18-DVO-PNB",169.40
5617,"Good Farmer-18-PNB-PNB",146.40,"Good Farmer-18-DVO-DVO",192.40
5625,Farmind-18-DVO-PNB,169.40,Farmind-18-DVO-DVO,202.00
5630,Farmind-18-DVO-PNB,169.40,Farmind-18-DVO-DVO,202.00
5635,Farmind-18-DVO-PNB,169.40,Farmind-18-DVO-DVO,202.00
6588,ABC-Cateel-PNB-PNB,308.00,ABC-Cateel-DVO-PNB,362.00
6662,ABC-Cateel-PNB-PNB,308.00,ABC-Cateel-DVO-PNB,362.00
6673,"TDC - CLASS B-SVT-PNB-PNB",10.00,"TDC - CLASS B-SVT-DVO-DVO",76.00
6711,Sumifru-10-DVO-PNB,186.90,Sumifru-10-DVO-DVO,171.40
6720,Sumifru-6-PNB-PNB,171.40,Sumifru-6-DVO-DVO,171.40
6736,ABC-Pantukan-PNB-PNB,130.00,ABC-Pantukan-DVO-DVO,185.00
6741,"TDC - CLASS B-SVT-PNB-PNB",10.00,"TDC - CLASS B-SVT-DVO-DVO",76.00
5674,Farmind-18-DVO-PNB,169.40,Farmind-18-DVO-DVO,202.00
5677,"Good Farmer-15-PNB-PNB",149.90,"Good Farmer-15-DVO-DVO",156.40
6619,Farmind-18-DVO-PNB,169.40,Farmind-18-DVO-DVO,202.00
6712,Sumifru-10-DVO-PNB,186.90,Sumifru-10-DVO-DVO,171.40
6721,Sumifru-6-PNB-PNB,171.40,Sumifru-6-DVO-DVO,171.40
6737,ABC-Cateel-PNB-PNB,308.00,ABC-Cateel-DVO-PNB,362.00
6755,"Good Farmer-17-PNB-PNB",132.40,"Good Farmer-17-DVO-DVO",178.40
6758,Farmind-3-PNB-PNB,107.00,Farmind-3-DVO-DVO,202.00
6760,Farmind-3-PNB-PNB,107.00,Farmind-3-PNB-DVO,143.00
5808,Farmind-18-DVO-PNB,169.40,Farmind-18-DVO-DVO,202.00
5811,Sumifru-10-DVO-PNB,186.90,Sumifru-10-DVO-DVO,171.40
6621,Farmind-18-DVO-PNB,169.40,Farmind-18-DVO-DVO,202.00
5810,Sumifru-10-DVO-PNB,186.90,Sumifru-10-DVO-DVO,171.40
5880,"Good Farmer-15-PNB-PNB",149.90,"Good Farmer-15-DVO-DVO",156.40
5923,"Good Farmer-15-PNB-PNB",149.90,"Good Farmer-15-DVO-DVO",156.40
5924,"Good Farmer-15-PNB-PNB",149.90,"Good Farmer-15-DVO-DVO",156.40
5929,Sumifru-6-PNB-PNB,171.40,Sumifru-6-DVO-DVO,171.40
5940,"TDC - CLASS B-SVT-PNB-PNB",10.00,"TDC - CLASS B-SVT-DVO-DVO",76.00
5942,"TDC - CLASS B-SVT-PNB-PNB",10.00,"TDC - CLASS B-SVT-DVO-DVO",76.00
5943,"TDC - CLASS B-SVT-PNB-PNB",10.00,"TDC - CLASS B-SVT-DVO-DVO",76.00
5946,"Good Farmer-17-PNB-PNB",132.40,"Good Farmer-17-DVO-PNB",155.40
5988,"Good Farmer-15-PNB-PNB",149.90,"Good Farmer-15-DVO-DVO",156.40
5990,"Good Farmer-17-PNB-PNB",132.40,"Good Farmer-17-DVO-PNB",155.40
6013,Farmind-3-PNB-PNB,107.00,Farmind-3-DVO-DVO,202.00
5999,Farmind-3-PNB-PNB,107.00,Farmind-3-DVO-PNB,143.00
6003,"Good Farmer-2-PNB-PNB",129.20,"Good Farmer-2-DVO-PNB",145.40
6005,"Good Farmer-2-PNB-PNB",129.20,"Good Farmer-2-DVO-PNB",145.40
6010,Farmind-3-PNB-PNB,107.00,Farmind-3-DVO-DVO,202.00
6011,Farmind-3-PNB-PNB,107.00,Farmind-3-DVO-DVO,202.00
6665,ABC-Donmar-PNB-PNB,361.00,ABC-Donmar-DVO-DVO,340.00
6713,Sumifru-10-DVO-PNB,186.90,Sumifru-10-DVO-DVO,171.40
6722,Sumifru-6-PNB-PNB,171.40,Sumifru-6-DVO-DVO,171.40
6723,Sumifru-6-PNB-PNB,171.40,Sumifru-6-DVO-DVO,171.40
6731,ABC-Cateel-PNB-PNB,308.00,ABC-Cateel-DVO-PNB,362.00
6014,Sumifru-6-PNB-PNB,171.40,Sumifru-6-DVO-DVO,171.40
6015,Sumifru-6-PNB-PNB,171.40,Sumifru-6-DVO-DVO,171.40
6016,Sumifru-6-PNB-PNB,171.40,Sumifru-6-DVO-DVO,171.40
6018,Sumifru-6-PNB-PNB,171.40,Sumifru-6-DVO-DVO,171.40
6594,Sumifru-6-PNB-PNB,171.40,Sumifru-6-DVO-DVO,171.40
6623,Farmind-18-DVO-PNB,169.40,Farmind-18-DVO-DVO,202.00
6666,ABC-Donmar-PNB-PNB,361.00,ABC-Donmar-DVO-DVO,340.00
6667,ABC-Pantukan-PNB-PNB,130.00,ABC-Pantukan-DVO-DVO,185.00
6714,Sumifru-10-DVO-PNB,186.90,Sumifru-10-DVO-DVO,171.40
6597,Sumifru-6-PNB-PNB,171.40,Sumifru-6-DVO-DVO,171.40
6626,Sumifru-10-DVO-PNB,186.90,Sumifru-10-DVO-DVO,171.40
6715,Sumifru-10-DVO-PNB,186.90,Sumifru-10-DVO-DVO,171.40
6725,Sumifru-10-DVO-PNB,186.90,Sumifru-10-DVO-DVO,171.40
6733,ABC-Pantukan-PNB-PNB,130.00,ABC-Pantukan-DVO-DVO,185.00
6598,Sumifru-6-PNB-PNB,171.40,Sumifru-6-DVO-DVO,171.40
6669,ABC-Pantukan-PNB-PNB,130.00,ABC-Pantukan-DVO-DVO,185.00
6726,Sumifru-10-DVO-PNB,186.90,Sumifru-10-DVO-DVO,171.40
6171,Farmind-3-PNB-PNB,107.00,Farmind-3-DVO-DVO,202.00
6172,Farmind-3-PNB-PNB,107.00,Farmind-3-DVO-DVO,202.00
6176,Farmind-3-PNB-PNB,107.00,Farmind-3-DVO-DVO,202.00
6178,Farmind-3-PNB-PNB,107.00,Farmind-3-DVO-DVO,202.00
6180,Farmind-18-DVO-PNB,169.40,Farmind-18-DVO-DVO,202.00
6181,Farmind-3-PNB-PNB,107.00,Farmind-3-DVO-DVO,202.00
6207,"Good Farmer-15-PNB-PNB",149.90,"Good Farmer-15-DVO-DVO",156.40
6208,Sumifru-10-DVO-PNB,186.90,Sumifru-10-DVO-DVO,171.40
6209,"Good Farmer-18-PNB-PNB",146.40,"Good Farmer-18-DVO-DVO",192.40
6210,Sumifru-10-DVO-PNB,186.90,Sumifru-10-DVO-DVO,171.40
6211,Sumifru-10-DVO-PNB,186.90,Sumifru-10-DVO-DVO,171.40
6212,Sumifru-6-PNB-PNB,171.40,Sumifru-6-DVO-DVO,171.40
6213,Sumifru-10-DVO-PNB,186.90,Sumifru-10-DVO-DVO,171.40
6214,Sumifru-10-DVO-PNB,186.90,Sumifru-10-DVO-DVO,171.40
6215,Sumifru-10-DVO-PNB,186.90,Sumifru-10-DVO-DVO,171.40
6217,Farmind-18-DVO-PNB,169.40,Farmind-18-DVO-DVO,202.00
6218,"Good Farmer-11-PNB-PNB",167.40,"Good Farmer-11-DVO-DVO",213.40
6219,Sumifru-10-DVO-PNB,186.90,Sumifru-10-DVO-DVO,171.40
6220,Sumifru-10-DVO-PNB,186.90,Sumifru-10-DVO-DVO,171.40
6221,Sumifru-10-DVO-PNB,186.90,Sumifru-10-DVO-DVO,171.40
6228,Sumifru-10-DVO-PNB,186.90,Sumifru-10-DVO-DVO,171.40
6230,Sumifru-10-DVO-PNB,186.90,Sumifru-10-DVO-DVO,171.40
6231,Sumifru-6-PNB-PNB,171.40,Sumifru-6-DVO-DVO,171.40
6232,Sumifru-10-DVO-PNB,186.90,Sumifru-10-DVO-DVO,171.40
6233,Sumifru-10-DVO-PNB,186.90,Sumifru-10-DVO-DVO,171.40
6234,Sumifru-10-DVO-PNB,186.90,Sumifru-10-DVO-DVO,171.40
6235,Sumifru-10-DVO-PNB,186.90,Sumifru-10-DVO-DVO,171.40
6236,Sumifru-10-DVO-PNB,186.90,Sumifru-10-DVO-DVO,171.40
6334,"Good Farmer-9-PNB-PNB",163.90,"Good Farmer-9-DVO-PNB",186.90
6342,Sumifru-6-PNB-PNB,171.40,Sumifru-6-DVO-DVO,171.40
6343,Sumifru-6-PNB-PNB,171.40,Sumifru-6-DVO-DVO,171.40
6344,Sumifru-10-DVO-PNB,186.90,Sumifru-10-DVO-DVO,171.40
6345,Sumifru-10-DVO-PNB,186.90,Sumifru-10-DVO-DVO,171.40
6346,Sumifru-10-DVO-PNB,186.90,Sumifru-10-DVO-DVO,171.40
6347,Sumifru-6-PNB-PNB,171.40,Sumifru-6-DVO-DVO,171.40
6348,Sumifru-6-PNB-PNB,171.40,Sumifru-6-DVO-DVO,171.40
6367,ABC-Donmar-PNB-PNB,361.00,ABC-Donmar-DVO-PNB,323.00
6369,ABC-Pantukan-PNB-PNB,130.00,ABC-Pantukan-DVO-PNB,156.00
6370,ABC-Cateel-PNB-PNB,308.00,ABC-Cateel-DVO-PNB,362.00
6371,ABC-Pantukan-PNB-PNB,130.00,ABC-Pantukan-DVO-DVO,185.00
6373,ABC-Donmar-PNB-PNB,361.00,ABC-Donmar-DVO-DVO,340.00
6377,ABC-Cateel-PNB-PNB,308.00,ABC-Cateel-DVO-PNB,362.00
6379,ABC-Pantukan-PNB-PNB,130.00,ABC-Pantukan-DVO-DVO,185.00
6382,ABC-Donmar-PNB-PNB,361.00,ABC-Donmar-DVO-DVO,340.00
6383,ABC-Donmar-PNB-PNB,361.00,ABC-Donmar-DVO-PNB,323.00
6390,ABC-Cateel-PNB-PNB,308.00,ABC-Cateel-DVO-PNB,362.00
6394,ABC-Donmar-PNB-PNB,361.00,ABC-Donmar-DVO-PNB,323.00
6396,ABC-Donmar-PNB-PNB,361.00,ABC-Donmar-DVO-DVO,340.00
6397,ABC-Pantukan-PNB-PNB,130.00,ABC-Pantukan-DVO-DVO,185.00
6399,ABC-Pantukan-PNB-PNB,130.00,ABC-Pantukan-DVO-DVO,185.00
6412,ABC-Cateel-PNB-PNB,308.00,ABC-Cateel-DVO-PNB,362.00
6420,"TDC - CLASS B-SVT-PNB-PNB",10.00,"TDC - CLASS B-SVT-DVO-PNB",43.00
6449,Farmind-3-PNB-PNB,107.00,Farmind-3-DVO-DVO,202.00
6454,Farmind-1-PNB-PNB,107.00,Farmind-1-DVO-DVO,202.20
6464,Sumifru-6-PNB-PNB,171.40,Sumifru-6-DVO-DVO,171.40
6466,Sumifru-6-PNB-PNB,171.40,Sumifru-6-DVO-DVO,171.40
6499,Sumifru-10-DVO-PNB,186.90,Sumifru-10-DVO-DVO,171.40
6503,Sumifru-10-DVO-PNB,186.90,Sumifru-10-DVO-DVO,171.40
6507,Sumifru-10-DVO-PNB,186.90,Sumifru-10-DVO-DVO,171.40
6528,Farmind-3-PNB-PNB,107.00,Farmind-3-DVO-DVO,202.00
6531,Farmind-3-PNB-PNB,107.00,Farmind-3-DVO-DVO,202.00
6601,"Good Farmer-18-PNB-PNB",146.40,"Good Farmer-18-DVO-PNB",169.40
6557,"Good Farmer-15-PNB-PNB",149.90,"Good Farmer-15-DVO-DVO",156.40
6560,Sumifru-10-DVO-PNB,186.90,Sumifru-10-DVO-DVO,171.40
6561,Sumifru-6-PNB-PNB,171.40,Sumifru-6-DVO-DVO,171.40
6562,Sumifru-6-PNB-PNB,171.40,Sumifru-6-DVO-DVO,171.40
6563,Sumifru-6-PNB-PNB,171.40,Sumifru-6-DVO-DVO,171.40
6761,Farmind-18-DVO-PNB,169.40,Farmind-18-DVO-DVO,202.00
9375,Farmind-18-DVO-PNB,169.40,Farmind-18-DVO-DVO,202.00
9395,Farmind-18-DVO-PNB,169.40,Farmind-18-DVO-DVO,202.00
9409,Farmind-3-PNB-PNB,107.00,Farmind-3-DVO-DVO,202.00
6778,ABC-Donmar-PNB-PNB,361.00,ABC-Donmar-DVO-DVO,340.00
6779,ABC-Pantukan-PNB-PNB,130.00,ABC-Pantukan-DVO-DVO,185.00
6800,Farmind-3-PNB-PNB,107.00,Farmind-3-DVO-DVO,202.00
6801,Farmind-3-PNB-PNB,107.00,Farmind-3-DVO-DVO,202.00
6803,Farmind-3-PNB-PNB,107.00,Farmind-3-DVO-DVO,202.00
6804,Farmind-3-PNB-PNB,107.00,Farmind-3-DVO-DVO,202.00
6809,Sumifru-6-PNB-PNB,171.40,Sumifru-6-DVO-DVO,171.40
6810,Sumifru-6-PNB-PNB,171.40,Sumifru-6-DVO-DVO,171.40
6811,Sumifru-6-PNB-PNB,171.40,Sumifru-6-DVO-DVO,171.40
6812,Sumifru-10-DVO-PNB,186.90,Sumifru-10-DVO-DVO,171.40
6813,Sumifru-10-DVO-PNB,186.90,Sumifru-10-DVO-DVO,171.40
6835,Sumifru-6-PNB-PNB,171.40,Sumifru-6-DVO-DVO,171.40
6836,Sumifru-10-DVO-PNB,186.90,Sumifru-10-DVO-DVO,171.40
6837,Sumifru-10-DVO-PNB,186.90,Sumifru-10-DVO-DVO,171.40
6843,Farmind-3-PNB-PNB,107.00,Farmind-3-DVO-DVO,202.00
6844,Farmind-3-PNB-PNB,107.00,Farmind-3-DVO-DVO,202.00
9380,Farmind-1-PNB-PNB,107.00,Farmind-1-DVO-DVO,202.20
9382,Farmind-3-PNB-PNB,107.00,Farmind-3-DVO-DVO,202.00
9398,Farmind-18-DVO-PNB,169.40,Farmind-18-DVO-DVO,202.00
6966,Sumifru-6-PNB-PNB,171.40,Sumifru-6-DVO-DVO,171.40
6967,Sumifru-6-PNB-PNB,171.40,Sumifru-6-DVO-DVO,171.40
6982,Farmind-18-DVO-PNB,169.40,Farmind-18-DVO-DVO,202.00
7004,"TDC - CLASS B-SVT-PNB-PNB",10.00,"TDC - CLASS B-SVT-DVO-DVO",76.00
7022,"TDC - CLASS B-SVT-PNB-PNB",10.00,"TDC - CLASS B-SVT-DVO-DVO",76.00
7027,ABC-Pantukan-PNB-PNB,130.00,ABC-Pantukan-DVO-DVO,185.00
7029,"TDC - CLASS B-SVT-PNB-PNB",10.00,"TDC - CLASS B-SVT-DVO-DVO",76.00
7032,ABC-Pantukan-PNB-PNB,130.00,ABC-Pantukan-DVO-DVO,185.00
7035,ABC-Pantukan-PNB-PNB,130.00,ABC-Pantukan-DVO-DVO,185.00
7036,ABC-Pantukan-PNB-PNB,130.00,ABC-Pantukan-DVO-DVO,185.00
7039,ABC-Donmar-PNB-PNB,361.00,ABC-Donmar-DVO-DVO,340.00
7048,Farmind-3-PNB-PNB,107.00,Farmind-3-DVO-DVO,202.00
7049,Farmind-3-PNB-PNB,107.00,Farmind-3-DVO-DVO,202.00
7050,"Good Farmer-18-PNB-PNB",146.40,"Good Farmer-18-DVO-DVO",192.40
7059,"Good Farmer-17-PNB-PNB",132.40,"Good Farmer-17-DVO-DVO",178.40
7061,Sumifru-6-PNB-PNB,171.40,Sumifru-6-DVO-DVO,171.40
7062,Sumifru-6-PNB-PNB,171.40,Sumifru-6-DVO-DVO,171.40
6798,Farmind-3-PNB-PNB,107.00,Farmind-3-DVO-DVO,202.00
7112,Sumifru-6-PNB-PNB,171.40,Sumifru-6-DVO-DVO,171.40
7177,"TDC - CLASS B-SVT-PNB-PNB",10.00,"TDC - CLASS B-SVT-DVO-DVO",76.00
7182,ABC-Pantukan-PNB-PNB,130.00,ABC-Pantukan-DVO-DVO,185.00
7183,ABC-Pantukan-PNB-PNB,130.00,ABC-Pantukan-DVO-DVO,185.00
7206,Farmind-3-PNB-PNB,107.00,Farmind-3-DVO-DVO,202.00
7207,Farmind-18-DVO-PNB,169.40,Farmind-18-DVO-DVO,202.00
7214,ABC-Cateel-PNB-PNB,308.00,ABC-Cateel-DVO-PNB,362.00
7225,Farmind-3-PNB-PNB,107.00,Farmind-3-DVO-DVO,202.00
7226,Farmind-3-PNB-PNB,107.00,Farmind-3-DVO-DVO,202.00
7227,Farmind-3-PNB-PNB,107.00,Farmind-3-DVO-DVO,202.00
7228,Farmind-1-PNB-PNB,107.00,Farmind-1-DVO-DVO,202.20
7237,"TDC - CLASS B-SVT-PNB-PNB",10.00,"TDC - CLASS B-SVT-DVO-DVO",76.00
7238,Sumifru-6-PNB-PNB,171.40,Sumifru-6-DVO-DVO,171.40
7249,Sumifru-10-DVO-PNB,186.90,Sumifru-10-DVO-DVO,171.40
7250,Sumifru-10-DVO-PNB,186.90,Sumifru-10-DVO-DVO,171.40
7279,Sumifru-6-PNB-PNB,171.40,Sumifru-6-DVO-DVO,171.40
7280,Sumifru-6-PNB-PNB,171.40,Sumifru-6-DVO-DVO,171.40
7281,Sumifru-6-PNB-PNB,171.40,Sumifru-6-DVO-DVO,171.40
7285,"Good Farmer-1-PNB-PNB",107.00,"Good Farmer-1-DVO-DVO",202.20
7334,Farmind-3-PNB-PNB,107.00,Farmind-3-DVO-PNB,143.00
7337,Farmind-3-PNB-PNB,107.00,Farmind-3-DVO-DVO,202.00
7340,Sumifru-10-DVO-PNB,186.90,Sumifru-10-DVO-DVO,171.40
7381,Sumifru-10-DVO-PNB,186.90,Sumifru-10-DVO-DVO,171.40
7383,Sumifru-10-DVO-PNB,186.90,Sumifru-10-DVO-DVO,171.40
7384,Sumifru-10-DVO-PNB,186.90,Sumifru-10-DVO-DVO,171.40
7396,"Good Farmer-18-PNB-PNB",146.40,"Good Farmer-18-DVO-DVO",192.40
7398,"Good Farmer-11-PNB-PNB",167.40,"Good Farmer-11-PNB-DVO",213.40
7419,Sumifru-6-PNB-PNB,171.40,Sumifru-6-DVO-DVO,171.40
7420,Sumifru-6-PNB-PNB,171.40,Sumifru-6-DVO-DVO,171.40
7421,Sumifru-10-DVO-PNB,186.90,Sumifru-10-DVO-DVO,171.40
7422,Sumifru-10-DVO-PNB,186.90,Sumifru-10-DVO-DVO,171.40
7423,Farmind-18-DVO-PNB,169.40,Farmind-18-DVO-DVO,202.00
7425,Sumifru-6-PNB-PNB,171.40,Sumifru-6-DVO-DVO,171.40
7426,Sumifru-6-PNB-PNB,171.40,Sumifru-6-DVO-DVO,171.40
7427,Sumifru-6-PNB-PNB,171.40,Sumifru-6-DVO-DVO,171.40
7439,Farmind-18-DVO-PNB,169.40,Farmind-18-DVO-DVO,202.00
7441,Sumifru-6-PNB-PNB,171.40,Sumifru-6-DVO-DVO,171.40
7477,Sumifru-10-DVO-PNB,186.90,Sumifru-10-DVO-DVO,171.40
7482,Sumifru-10-DVO-PNB,186.90,Sumifru-10-DVO-DVO,171.40
7483,Sumifru-10-DVO-PNB,186.90,Sumifru-10-DVO-DVO,171.40
7485,Sumifru-10-DVO-PNB,186.90,Sumifru-10-DVO-DVO,171.40
7490,"Good Farmer-9-PNB-PNB",163.90,"Good Farmer-9-DVO-DVO",209.90
7492,Farmind-3-PNB-PNB,107.00,Farmind-3-DVO-PNB,143.00
7516,"Good Farmer-17-PNB-PNB",132.40,"Good Farmer-17-DVO-DVO",178.40
7531,"TDC - CLASS B-SVT-PNB-PNB",10.00,"TDC - CLASS B-SVT-DVO-DVO",76.00
7533,"TDC - CLASS B-SVT-PNB-PNB",10.00,"TDC - CLASS B-SVT-DVO-DVO",76.00
7537,ABC-Pantukan-PNB-PNB,130.00,ABC-Pantukan-DVO-DVO,185.00
7540,ABC-Donmar-PNB-PNB,361.00,ABC-Donmar-DVO-DVO,340.00
7545,ABC-Donmar-PNB-PNB,361.00,ABC-Donmar-DVO-DVO,340.00
7551,ABC-Donmar-PNB-PNB,361.00,ABC-Donmar-DVO-DVO,340.00
7555,Sumifru-6-PNB-PNB,171.40,Sumifru-6-DVO-DVO,171.40
7556,Sumifru-6-PNB-PNB,171.40,Sumifru-6-DVO-DVO,171.40
7558,"Good Farmer-11-PNB-PNB",167.40,"Good Farmer-11-DVO-DVO",213.40
7578,Sumifru-6-PNB-PNB,171.40,Sumifru-6-DVO-DVO,171.40
7579,Sumifru-6-PNB-PNB,171.40,Sumifru-6-DVO-DVO,171.40
7580,Sumifru-6-PNB-PNB,171.40,Sumifru-6-DVO-DVO,171.40
7583,Sumifru-10-DVO-PNB,186.90,Sumifru-10-DVO-DVO,171.40
7584,Sumifru-10-DVO-PNB,186.90,Sumifru-10-DVO-DVO,171.40
7585,Sumifru-10-DVO-PNB,186.90,Sumifru-10-DVO-DVO,171.40
7586,Sumifru-10-DVO-PNB,186.90,Sumifru-10-DVO-DVO,171.40
7587,Sumifru-10-DVO-PNB,186.90,Sumifru-10-DVO-DVO,171.40
7588,Sumifru-10-DVO-PNB,186.90,Sumifru-10-DVO-DVO,171.40
7589,Sumifru-10-DVO-PNB,186.90,Sumifru-10-DVO-DVO,171.40
7590,Sumifru-10-DVO-PNB,186.90,Sumifru-10-DVO-DVO,171.40
7610,Farmind-18-DVO-PNB,169.40,Farmind-18-DVO-DVO,202.00
7612,Farmind-18-DVO-PNB,169.40,Farmind-18-DVO-DVO,202.00
7614,Farmind-18-DVO-PNB,169.40,Farmind-18-DVO-DVO,202.00
7615,Farmind-18-DVO-PNB,169.40,Farmind-18-DVO-DVO,202.00
7616,Farmind-18-DVO-PNB,169.40,Farmind-18-DVO-DVO,202.00
7617,Farmind-3-PNB-PNB,107.00,Farmind-3-DVO-DVO,202.00
7618,Sumifru-6-PNB-PNB,171.40,Sumifru-6-DVO-DVO,171.40
7654,Farmind-3-PNB-PNB,107.00,Farmind-3-DVO-DVO,202.00
7656,Farmind-3-PNB-PNB,107.00,Farmind-3-DVO-DVO,202.00
7658,Farmind-3-PNB-PNB,107.00,Farmind-3-DVO-DVO,202.00
7660,Farmind-3-PNB-PNB,107.00,Farmind-3-DVO-DVO,202.00
7709,ABC-Pantukan-PNB-PNB,130.00,ABC-Pantukan-DVO-DVO,185.00
7717,"TDC - CLASS B-SVT-PNB-PNB",10.00,"TDC - CLASS B-SVT-DVO-DVO",76.00
7718,ABC-Pantukan-PNB-PNB,130.00,ABC-Pantukan-DVO-DVO,185.00
7724,Farmind-3-PNB-PNB,107.00,Farmind-3-DVO-DVO,202.00
7725,Farmind-3-PNB-PNB,107.00,Farmind-3-DVO-DVO,202.00
7790,Sumifru-10-DVO-PNB,186.90,Sumifru-10-DVO-DVO,171.40
7800,Sumifru-6-PNB-PNB,171.40,Sumifru-6-DVO-DVO,171.40
7825,Farmind-3-PNB-PNB,107.00,Farmind-3-DVO-DVO,202.00
7826,Farmind-18-DVO-PNB,169.40,Farmind-18-DVO-DVO,202.00
7859,Sumifru-6-PNB-PNB,171.40,Sumifru-6-DVO-DVO,171.40
7860,Sumifru-6-PNB-PNB,171.40,Sumifru-6-DVO-DVO,171.40
7891,"TDC - CLASS B-SVT-PNB-PNB",10.00,"TDC - CLASS B-SVT-DVO-DVO",76.00
7892,"TDC - CLASS B-SVT-PNB-PNB",10.00,"TDC - CLASS B-SVT-DVO-DVO",76.00
7896,ABC-Pantukan-PNB-PNB,130.00,ABC-Pantukan-DVO-DVO,185.00
7897,ABC-Pantukan-PNB-PNB,130.00,ABC-Pantukan-DVO-DVO,185.00
7898,ABC-Pantukan-PNB-PNB,130.00,ABC-Pantukan-DVO-DVO,185.00
7899,ABC-Pantukan-PNB-PNB,130.00,ABC-Pantukan-DVO-DVO,185.00
8001,"TDC - CLASS B-SVT-PNB-PNB",10.00,"TDC - CLASS B-SVT-DVO-DVO",76.00
8002,"TDC - CLASS B-SVT-PNB-PNB",10.00,"TDC - CLASS B-SVT-DVO-DVO",76.00
8003,ABC-Pantukan-PNB-PNB,130.00,ABC-Pantukan-DVO-DVO,185.00
8005,ABC-Pantukan-PNB-PNB,130.00,ABC-Pantukan-DVO-DVO,185.00
8006,ABC-Pantukan-PNB-PNB,130.00,ABC-Pantukan-DVO-PNB,156.00
8008,ABC-Pantukan-PNB-PNB,130.00,ABC-Pantukan-DVO-DVO,185.00
8076,Sumifru-10-DVO-PNB,186.90,Sumifru-10-DVO-DVO,171.40
8080,Sumifru-10-DVO-PNB,186.90,Sumifru-10-DVO-DVO,171.40
8098,"Good Farmer-15-PNB-PNB",149.90,"Good Farmer-15-PNB-DVO",114.60
8111,"Good Farmer-18-PNB-PNB",146.40,"Good Farmer-18-DVO-DVO",192.40
8114,"Good Farmer-18-PNB-PNB",146.40,"Good Farmer-18-DVO-DVO",192.40
8115,Farmind-3-PNB-PNB,107.00,Farmind-3-DVO-DVO,202.00
8116,Farmind-3-PNB-PNB,107.00,Farmind-3-DVO-DVO,202.00
8117,Farmind-3-PNB-PNB,107.00,Farmind-3-DVO-DVO,202.00
8136,"Good Farmer-2-PNB-PNB",129.20,"Good Farmer-2-DVO-DVO",161.60
9401,Farmind-3-PNB-PNB,107.00,Farmind-3-DVO-DVO,202.00
9387,Farmind-18-DVO-PNB,169.40,Farmind-18-DVO-DVO,202.00
8175,Sumifru-10-DVO-PNB,186.90,Sumifru-10-DVO-DVO,171.40
8270,ABC-Pantukan-PNB-PNB,130.00,ABC-Pantukan-DVO-DVO,185.00
8271,ABC-Cateel-PNB-PNB,308.00,ABC-Cateel-DVO-PNB,362.00
8272,ABC-Donmar-PNB-PNB,361.00,ABC-Donmar-DVO-DVO,340.00
8274,"TDC - CLASS B-SVT-PNB-PNB",10.00,"TDC - CLASS B-SVT-DVO-DVO",76.00
8276,Sumifru-6-PNB-PNB,171.40,Sumifru-6-DVO-DVO,171.40
8280,Sumifru-6-PNB-PNB,171.40,Sumifru-6-DVO-DVO,171.40
8287,Sumifru-10-DVO-PNB,186.90,Sumifru-10-DVO-DVO,171.40
8296,Sumifru-10-DVO-PNB,186.90,Sumifru-10-DVO-DVO,171.40
8377,Sumifru-10-DVO-PNB,186.90,Sumifru-10-DVO-DVO,171.40
8380,Sumifru-10-DVO-PNB,186.90,Sumifru-10-DVO-DVO,171.40
8387,Sumifru-10-DVO-PNB,186.90,Sumifru-10-DVO-DVO,171.40
8405,Sumifru-6-PNB-PNB,171.40,Sumifru-6-DVO-DVO,171.40
8406,Sumifru-6-PNB-PNB,171.40,Sumifru-6-DVO-DVO,171.40
8411,"Good Farmer-2-PNB-PNB",129.20,"Good Farmer-2-DVO-DVO",161.60
8414,"Good Farmer-18-PNB-PNB",146.40,"Good Farmer-18-DVO-DVO",192.40
8427,Farmind-3-PNB-PNB,107.00,Farmind-3-DVO-DVO,202.00
8430,Farmind-3-PNB-PNB,107.00,Farmind-3-DVO-DVO,202.00
8431,Farmind-3-PNB-PNB,107.00,Farmind-3-DVO-DVO,202.00
8432,Farmind-3-PNB-PNB,107.00,Farmind-3-DVO-DVO,202.00
8433,Farmind-1-PNB-PNB,107.00,Farmind-1-DVO-DVO,202.20
8434,Sumifru-6-PNB-PNB,171.40,Sumifru-6-DVO-DVO,171.40
8549,Sumifru-6-PNB-PNB,171.40,Sumifru-6-DVO-DVO,171.40
8560,ABC-Cateel-PNB-PNB,308.00,ABC-Cateel-DVO-PNB,362.00
8565,"TDC - CLASS B-SVT-PNB-PNB",10.00,"TDC - CLASS B-SVT-DVO-DVO",76.00
8601,Sumifru-6-PNB-PNB,171.40,Sumifru-6-DVO-DVO,171.40
8605,Sumifru-10-DVO-PNB,186.90,Sumifru-10-DVO-DVO,171.40
8603,Sumifru-10-DVO-PNB,186.90,Sumifru-10-DVO-DVO,171.40
8609,Farmind-3-PNB-PNB,107.00,Farmind-3-DVO-DVO,202.00
8611,Sumifru-10-DVO-PNB,186.90,Sumifru-10-DVO-DVO,171.40
8618,Sumifru-10-DVO-PNB,186.90,Sumifru-10-DVO-DVO,171.40
8622,Sumifru-10-DVO-PNB,186.90,Sumifru-10-DVO-DVO,171.40
8627,Sumifru-10-DVO-PNB,186.90,Sumifru-10-DVO-DVO,171.40
8628,Farmind-3-PNB-PNB,107.00,Farmind-3-DVO-DVO,202.00
8631,Farmind-3-PNB-PNB,107.00,Farmind-3-DVO-DVO,202.00
8635,"Good Farmer-11-PNB-PNB",167.40,"Good Farmer-11-DVO-DVO",213.40
8640,Sumifru-10-DVO-PNB,186.90,Sumifru-10-DVO-DVO,171.40
8648,ABC-Donmar-PNB-PNB,361.00,ABC-Donmar-DVO-DVO,340.00
8661,Sumifru-6-PNB-PNB,171.40,Sumifru-6-DVO-DVO,171.40
8674,ABC-Cateel-PNB-PNB,308.00,ABC-Cateel-DVO-PNB,362.00
8676,ABC-Pantukan-PNB-PNB,130.00,ABC-Pantukan-DVO-DVO,185.00
8684,Sumifru-6-PNB-PNB,171.40,Sumifru-6-DVO-DVO,171.40
8686,Sumifru-6-PNB-PNB,171.40,Sumifru-6-DVO-DVO,171.40
8689,Sumifru-6-PNB-PNB,171.40,Sumifru-6-DVO-DVO,171.40
8691,Sumifru-6-PNB-PNB,171.40,Sumifru-6-DVO-DVO,171.40
8694,Sumifru-10-DVO-PNB,186.90,Sumifru-10-DVO-DVO,171.40
8701,Sumifru-6-PNB-PNB,171.40,Sumifru-6-DVO-DVO,171.40
8702,Sumifru-6-PNB-PNB,171.40,Sumifru-6-DVO-DVO,171.40
8703,Sumifru-6-PNB-PNB,171.40,Sumifru-6-DVO-DVO,171.40
8773,"TDC - CLASS B-SVT-PNB-PNB",10.00,"TDC - CLASS B-SVT-DVO-DVO",76.00
8775,Farmind-18-DVO-PNB,169.40,Farmind-18-DVO-DVO,202.00
12499,Sumifru-10-DVO-PNB,186.90,Sumifru-10-DVO-DVO,171.40
8803,ABC-Pantukan-PNB-PNB,130.00,ABC-Pantukan-DVO-DVO,185.00
8804,ABC-Cateel-PNB-PNB,308.00,ABC-Cateel-DVO-PNB,362.00
8805,"TDC - CLASS B-SVT-PNB-PNB",10.00,"TDC - CLASS B-SVT-DVO-DVO",76.00
8807,ABC-Cateel-PNB-PNB,308.00,ABC-Cateel-DVO-PNB,362.00
8811,Farmind-3-PNB-PNB,107.00,Farmind-3-DVO-DVO,202.00
8824,ABC-Cateel-PNB-PNB,308.00,ABC-Cateel-DVO-PNB,362.00
8827,"TDC - CLASS B-SVT-PNB-PNB",10.00,"TDC - CLASS B-SVT-DVO-DVO",76.00
8828,ABC-Cateel-PNB-PNB,308.00,ABC-Cateel-DVO-PNB,362.00
8830,ABC-Pantukan-PNB-PNB,130.00,ABC-Pantukan-DVO-DVO,185.00
8832,ABC-Donmar-PNB-PNB,361.00,ABC-Donmar-DVO-DVO,340.00
8833,ABC-Donmar-PNB-PNB,361.00,ABC-Donmar-DVO-DVO,340.00
8834,ABC-Pantukan-PNB-PNB,130.00,ABC-Pantukan-DVO-DVO,185.00
8836,ABC-Pantukan-PNB-PNB,130.00,ABC-Pantukan-DVO-DVO,185.00
8839,ABC-Pantukan-PNB-PNB,130.00,ABC-Pantukan-DVO-DVO,185.00
8889,Farmind-3-PNB-PNB,107.00,Farmind-3-DVO-DVO,202.00
9371,"TDC - CLASS B-SVT-PNB-PNB",10.00,"TDC - CLASS B-SVT-DVO-DVO",76.00
9389,Farmind-18-DVO-PNB,169.40,Farmind-18-DVO-DVO,202.00
9407,Farmind-3-PNB-PNB,107.00,Farmind-3-DVO-DVO,202.00
8931,Sumifru-10-DVO-PNB,186.90,Sumifru-10-DVO-DVO,171.40
8932,Sumifru-6-PNB-PNB,171.40,Sumifru-6-DVO-DVO,171.40
8934,Sumifru-10-DVO-PNB,186.90,Sumifru-10-DVO-DVO,171.40
8936,Sumifru-10-DVO-PNB,186.90,Sumifru-10-DVO-DVO,171.40
8988,Farmind-3-PNB-PNB,107.00,Farmind-3-DVO-PNB,143.00
9009,Sumifru-10-DVO-PNB,186.90,Sumifru-10-DVO-DVO,171.40
9010,Sumifru-6-PNB-PNB,171.40,Sumifru-6-DVO-DVO,171.40
9011,Sumifru-6-PNB-PNB,171.40,Sumifru-6-DVO-DVO,171.40
9012,Sumifru-6-PNB-PNB,171.40,Sumifru-6-DVO-DVO,171.40
9013,Sumifru-6-PNB-PNB,171.40,Sumifru-6-DVO-DVO,171.40
9014,Sumifru-6-PNB-PNB,171.40,Sumifru-6-DVO-DVO,171.40
9016,Sumifru-6-PNB-PNB,171.40,Sumifru-6-DVO-DVO,171.40
9017,Sumifru-6-PNB-PNB,171.40,Sumifru-6-DVO-DVO,171.40
9018,Sumifru-6-PNB-PNB,171.40,Sumifru-6-DVO-DVO,171.40
9019,Sumifru-6-PNB-PNB,171.40,Sumifru-6-DVO-DVO,171.40
9015,Sumifru-10-DVO-PNB,186.90,Sumifru-10-DVO-DVO,171.40
12501,Sumifru-6-PNB-PNB,171.40,Sumifru-6-DVO-DVO,171.40
9046,Farmind-3-PNB-PNB,107.00,Farmind-3-DVO-PNB,143.00
9066,"TDC - CLASS B-SVT-PNB-PNB",10.00,"TDC - CLASS B-SVT-DVO-PNB",43.00
9148,Sumifru-6-PNB-PNB,171.40,Sumifru-6-DVO-DVO,171.40
11287,ABC-Pantukan-PNB-PNB,130.00,ABC-Pantukan-DVO-DVO,185.00
9150,Sumifru-10-DVO-PNB,186.90,Sumifru-10-DVO-DVO,171.40
9151,Sumifru-10-DVO-PNB,186.90,Sumifru-10-DVO-DVO,171.40
9152,Sumifru-6-PNB-PNB,171.40,Sumifru-6-DVO-DVO,171.40
9156,Sumifru-10-DVO-PNB,186.90,Sumifru-10-DVO-DVO,171.40
9160,Sumifru-10-DVO-PNB,186.90,Sumifru-10-DVO-DVO,171.40
9162,Sumifru-10-DVO-PNB,186.90,Sumifru-10-DVO-DVO,171.40
9198,ABC-Donmar-PNB-PNB,361.00,ABC-Donmar-DVO-DVO,340.00
9199,ABC-Pantukan-PNB-PNB,130.00,ABC-Pantukan-DVO-DVO,185.00
9200,ABC-Pantukan-PNB-PNB,130.00,ABC-Pantukan-DVO-DVO,185.00
9202,ABC-Pantukan-PNB-PNB,130.00,ABC-Pantukan-DVO-DVO,185.00
9229,Farmind-3-PNB-PNB,107.00,Farmind-3-DVO-DVO,202.00
9230,Sumifru-10-DVO-PNB,186.90,Sumifru-10-DVO-DVO,171.40
9231,Sumifru-10-DVO-PNB,186.90,Sumifru-10-DVO-DVO,171.40
9232,Sumifru-6-PNB-PNB,171.40,Sumifru-6-DVO-DVO,171.40
9233,Sumifru-6-PNB-PNB,171.40,Sumifru-6-DVO-DVO,171.40
9234,Sumifru-10-DVO-PNB,186.90,Sumifru-10-DVO-DVO,171.40
9235,Sumifru-6-PNB-PNB,171.40,Sumifru-6-DVO-DVO,171.40
9236,Sumifru-6-PNB-PNB,171.40,Sumifru-6-DVO-DVO,171.40
9237,Sumifru-6-PNB-PNB,171.40,Sumifru-6-DVO-DVO,171.40
9373,"TDC - CLASS B-SVT-PNB-PNB",10.00,"TDC - CLASS B-SVT-DVO-DVO",76.00
9392,Farmind-3-PNB-PNB,107.00,Farmind-3-DVO-DVO,202.00
9493,Sumifru-6-PNB-PNB,171.40,Sumifru-6-DVO-DVO,171.40
9494,Sumifru-10-DVO-PNB,186.90,Sumifru-10-DVO-DVO,171.40
9496,Sumifru-10-DVO-PNB,186.90,Sumifru-10-DVO-DVO,171.40
9499,Sumifru-6-PNB-PNB,171.40,Sumifru-6-DVO-DVO,171.40
9501,Sumifru-6-PNB-PNB,171.40,Sumifru-6-DVO-DVO,171.40
9503,Sumifru-6-PNB-PNB,171.40,Sumifru-6-DVO-DVO,171.40
9505,Sumifru-6-PNB-PNB,171.40,Sumifru-6-DVO-DVO,171.40
9507,Sumifru-6-PNB-PNB,171.40,Sumifru-6-DVO-DVO,171.40
9511,Farmind-18-DVO-PNB,169.40,Farmind-18-DVO-DVO,202.00
9512,Sumifru-18-DVO-PNB,169.40,Sumifru-18-DVO-DVO,171.40
9513,Sumifru-10-DVO-PNB,186.90,Sumifru-10-DVO-DVO,171.40
9515,Sumifru-10-DVO-PNB,186.90,Sumifru-10-DVO-DVO,171.40
9559,ABC-Cateel-PNB-PNB,308.00,ABC-Cateel-DVO-PNB,362.00
9570,ABC-Pantukan-PNB-PNB,130.00,ABC-Pantukan-DVO-DVO,185.00
9572,ABC-Donmar-PNB-PNB,361.00,ABC-Donmar-DVO-DVO,340.00
9574,ABC-Pantukan-PNB-PNB,130.00,ABC-Pantukan-DVO-DVO,185.00
9621,Sumifru-6-PNB-PNB,171.40,Sumifru-6-DVO-DVO,171.40
9628,Farmind-3-PNB-PNB,107.00,Farmind-3-DVO-DVO,202.00
9630,Sumifru-6-PNB-PNB,171.40,Sumifru-6-DVO-DVO,171.40
9635,ABC-Pantukan-PNB-PNB,130.00,ABC-Pantukan-DVO-DVO,185.00
9636,Farmind-3-PNB-PNB,107.00,Farmind-3-DVO-DVO,202.00
9637,Farmind-3-PNB-PNB,107.00,Farmind-3-DVO-DVO,202.00
9638,Farmind-3-PNB-PNB,107.00,Farmind-3-DVO-DVO,202.00
9646,ABC-Donmar-PNB-PNB,361.00,ABC-Donmar-DVO-DVO,340.00
9647,ABC-Donmar-PNB-PNB,361.00,ABC-Donmar-DVO-DVO,340.00
9650,"TDC - CLASS B-SVT-PNB-PNB",10.00,"TDC - CLASS B-SVT-DVO-DVO",76.00
9651,"TDC - CLASS B-SVT-PNB-PNB",10.00,"TDC - CLASS B-SVT-DVO-DVO",76.00
9652,"TDC - CLASS B-SVT-PNB-PNB",10.00,"TDC - CLASS B-SVT-DVO-DVO",76.00
9653,Sumifru-6-PNB-PNB,171.40,Sumifru-6-DVO-DVO,171.40
9665,ABC-Pantukan-PNB-PNB,130.00,ABC-Pantukan-DVO-DVO,185.00
9667,ABC-Pantukan-PNB-PNB,130.00,ABC-Pantukan-DVO-DVO,185.00
12608,ABC-Donmar-PNB-PNB,361.00,ABC-Donmar-DVO-PNB,323.00
9669,ABC-Cateel-PNB-PNB,308.00,ABC-Cateel-DVO-PNB,362.00
12609,ABC-Cateel-PNB-PNB,308.00,ABC-Cateel-DVO-PNB,362.00
12700,Sumifru-6-PNB-PNB,171.40,Sumifru-6-DVO-DVO,171.40
12731,Farmind-3-PNB-PNB,107.00,Farmind-3-DVO-DVO,202.00
12775,Farmind-3-PNB-PNB,107.00,Farmind-3-DVO-DVO,202.00
9670,ABC-Donmar-PNB-PNB,361.00,ABC-Donmar-DVO-DVO,340.00
12701,Sumifru-10-DVO-PNB,186.90,Sumifru-10-DVO-DVO,171.40
12732,Farmind-3-PNB-PNB,107.00,Farmind-3-DVO-PNB,143.00
9681,Farmind-3-PNB-PNB,107.00,Farmind-3-DVO-DVO,202.00
9683,Farmind-3-PNB-PNB,107.00,Farmind-3-DVO-DVO,202.00
12702,Sumifru-10-DVO-PNB,186.90,Sumifru-10-DVO-DVO,171.40
12703,Sumifru-10-DVO-PNB,186.90,Sumifru-10-DVO-DVO,171.40
12733,Farmind-3-PNB-PNB,107.00,Farmind-3-DVO-DVO,202.00
12746,Farmind-18-DVO-PNB,169.40,Farmind-18-DVO-DVO,202.00
9699,Sumifru-6-PNB-PNB,171.40,Sumifru-6-DVO-DVO,171.40
12613,ABC-Donmar-PNB-PNB,361.00,ABC-Donmar-DVO-DVO,340.00
12614,ABC-Cateel-PNB-PNB,308.00,ABC-Cateel-DVO-DVO,378.00
12720,Sumifru-6-PNB-PNB,171.40,Sumifru-6-DVO-DVO,171.40
9803,Sumifru-6-PNB-PNB,171.40,Sumifru-6-DVO-DVO,171.40
9805,Sumifru-10-DVO-PNB,186.90,Sumifru-10-DVO-DVO,171.40
9808,"TDC - CLASS B-SVT-PNB-PNB",10.00,"TDC - CLASS B-SVT-DVO-DVO",76.00
9813,ABC-Pantukan-PNB-PNB,130.00,ABC-Pantukan-DVO-DVO,185.00
9818,"TDC - CLASS B-SVT-PNB-PNB",10.00,"TDC - CLASS B-SVT-DVO-PNB",43.00
9824,ABC-Cateel-PNB-PNB,308.00,ABC-Cateel-DVO-PNB,362.00
9837,ABC-Pantukan-PNB-PNB,130.00,ABC-Pantukan-DVO-DVO,185.00
9901,"Good Farmer-18-PNB-PNB",146.40,"Good Farmer-18-DVO-PNB",169.40
9906,Sumifru-10-DVO-PNB,186.90,Sumifru-10-DVO-DVO,171.40
9907,Sumifru-6-PNB-PNB,171.40,Sumifru-6-DVO-DVO,171.40
9911,"Good Farmer-18-PNB-PNB",146.40,"Good Farmer-18-DVO-PNB",169.40
9914,"Good Farmer-18-PNB-PNB",146.40,"Good Farmer-18-DVO-PNB",169.40
9917,Farmind-18-DVO-PNB,169.40,Farmind-18-DVO-DVO,202.00
9918,Farmind-18-DVO-PNB,169.40,Farmind-18-DVO-DVO,202.00
9919,Farmind-18-DVO-PNB,169.40,Farmind-18-DVO-DVO,202.00
9920,Farmind-3-PNB-PNB,107.00,Farmind-3-DVO-DVO,202.00
9921,Farmind-3-PNB-PNB,107.00,Farmind-3-DVO-DVO,202.00
9922,Farmind-1-PNB-PNB,107.00,Farmind-1-DVO-DVO,202.20
9923,Farmind-3-PNB-PNB,107.00,Farmind-3-DVO-DVO,202.00
9924,Farmind-1-PNB-PNB,107.00,Farmind-1-DVO-DVO,202.20
10052,"Good Farmer-15-PNB-PNB",149.90,"Good Farmer-15-DVO-PNB",114.60
10053,"Good Farmer-15-PNB-PNB",149.90,"Good Farmer-15-DVO-PNB",114.60
10056,Sumifru-6-PNB-PNB,171.40,Sumifru-6-DVO-DVO,171.40
10201,Farmind-3-PNB-PNB,107.00,Farmind-3-DVO-DVO,202.00
10202,Farmind-3-PNB-PNB,107.00,Farmind-3-DVO-DVO,202.00
10203,Farmind-3-PNB-PNB,107.00,Farmind-3-DVO-DVO,202.00
10204,Farmind-3-PNB-PNB,107.00,Farmind-3-DVO-DVO,202.00
10225,"Good Farmer-2-PNB-PNB",129.20,"Good Farmer-2-DVO-PNB",145.40
10228,Farmind-18-DVO-PNB,169.40,Farmind-18-DVO-DVO,202.00
10259,Sumifru-6-PNB-PNB,171.40,Sumifru-6-DVO-DVO,171.40
10260,Sumifru-6-PNB-PNB,171.40,Sumifru-6-DVO-DVO,171.40
10261,Sumifru-6-PNB-PNB,171.40,Sumifru-6-DVO-DVO,171.40
10263,Sumifru-6-PNB-PNB,171.40,Sumifru-6-DVO-DVO,171.40
10265,Sumifru-6-PNB-PNB,171.40,Sumifru-6-DVO-DVO,171.40
10268,Sumifru-10-DVO-PNB,186.90,Sumifru-10-DVO-DVO,171.40
10269,Sumifru-10-DVO-PNB,186.90,Sumifru-10-DVO-DVO,171.40
10272,Sumifru-10-DVO-PNB,186.90,Sumifru-10-DVO-DVO,171.40
10274,Sumifru-10-DVO-PNB,186.90,Sumifru-10-DVO-DVO,171.40
10275,Sumifru-10-DVO-PNB,186.90,Sumifru-10-DVO-DVO,171.40
10276,Sumifru-10-DVO-PNB,186.90,Sumifru-10-DVO-DVO,171.40
10278,Sumifru-10-DVO-PNB,186.90,Sumifru-10-DVO-DVO,171.40
10279,Sumifru-6-PNB-PNB,171.40,Sumifru-6-DVO-DVO,171.40
10280,Sumifru-6-PNB-PNB,171.40,Sumifru-6-DVO-DVO,171.40
10281,Sumifru-10-DVO-PNB,186.90,Sumifru-10-DVO-DVO,171.40
10282,Sumifru-10-DVO-PNB,186.90,Sumifru-10-DVO-DVO,171.40
10283,Sumifru-10-DVO-PNB,186.90,Sumifru-10-DVO-DVO,171.40
10285,Sumifru-10-DVO-PNB,186.90,Sumifru-10-DVO-DVO,171.40
10286,Sumifru-10-DVO-PNB,186.90,Sumifru-10-DVO-DVO,171.40
10288,Sumifru-10-DVO-PNB,186.90,Sumifru-10-DVO-DVO,171.40
10289,Sumifru-10-DVO-PNB,186.90,Sumifru-10-DVO-DVO,171.40
10295,"Good Farmer-1-PNB-PNB",107.00,"Good Farmer-1-DVO-PNB",143.00
10296,Sumifru-10-DVO-PNB,186.90,Sumifru-10-DVO-DVO,171.40
10298,Sumifru-6-PNB-PNB,171.40,Sumifru-6-DVO-DVO,171.40
10314,"Good Farmer-11-PNB-PNB",167.40,"Good Farmer-11-DVO-PNB",190.40
10359,"Good Farmer-15-PNB-PNB",149.90,"Good Farmer-15-DVO-PNB",114.60
10362,Sumifru-10-DVO-PNB,186.90,Sumifru-10-DVO-DVO,171.40
10395,"Good Farmer-17-PNB-PNB",132.40,"Good Farmer-17-DVO-PNB",155.40
10405,ABC-Pantukan-PNB-PNB,130.00,ABC-Pantukan-DVO-DVO,185.00
10409,ABC-Cateel-PNB-PNB,308.00,ABC-Cateel-DVO-PNB,362.00
10411,"TDC - CLASS B-SVT-PNB-PNB",10.00,"TDC - CLASS B-SVT-DVO-DVO",76.00
10412,"TDC - CLASS B-SVT-PNB-PNB",10.00,"TDC - CLASS B-SVT-DVO-DVO",76.00
10413,ABC-Cateel-PNB-PNB,308.00,ABC-Cateel-PNB-DVO,362.00
10423,Sumifru-10-DVO-PNB,186.90,Sumifru-10-DVO-DVO,171.40
10443,Farmind-3-PNB-PNB,107.00,Farmind-3-DVO-DVO,202.00
10445,Farmind-3-PNB-PNB,107.00,Farmind-3-DVO-PNB,143.00
10448,Farmind-3-PNB-PNB,107.00,Farmind-3-DVO-DVO,202.00
12615,ABC-Donmar-PNB-PNB,361.00,ABC-Donmar-DVO-DVO,340.00
12687,"Good Farmer-18-PNB-PNB",146.40,"Good Farmer-18-DVO-DVO",192.40
12721,Sumifru-6-PNB-PNB,171.40,Sumifru-6-DVO-DVO,171.40
12618,ABC-Pantukan-PNB-PNB,130.00,ABC-Pantukan-DVO-DVO,185.00
10516,ABC-Cateel-PNB-PNB,308.00,ABC-Cateel-DVO-PNB,362.00
10517,"TDC - CLASS B-SVT-PNB-PNB",10.00,"TDC - CLASS B-SVT-DVO-DVO",76.00
10521,Farmind-3-PNB-PNB,107.00,Farmind-3-DVO-DVO,202.00
10569,Farmind-3-PNB-PNB,107.00,Farmind-3-DVO-DVO,202.00
10573,Farmind-3-PNB-PNB,107.00,Farmind-3-DVO-PNB,143.00
10577,Farmind-3-PNB-PNB,107.00,Farmind-3-DVO-DVO,202.00
10583,Sumifru-10-DVO-PNB,186.90,Sumifru-10-DVO-DVO,171.40
10587,Sumifru-10-DVO-PNB,186.90,Sumifru-10-DVO-DVO,171.40
10591,Sumifru-6-PNB-PNB,171.40,Sumifru-6-DVO-DVO,171.40
10593,Sumifru-6-PNB-PNB,171.40,Sumifru-6-DVO-DVO,171.40
10596,Sumifru-6-PNB-PNB,171.40,Sumifru-6-DVO-DVO,171.40
10721,"TDC - CLASS B-SVT-PNB-PNB",10.00,"TDC - CLASS B-SVT-DVO-DVO",76.00
10723,"TDC - CLASS B-SVT-PNB-PNB",10.00,"TDC - CLASS B-SVT-DVO-DVO",76.00
10734,ABC-Cateel-PNB-PNB,308.00,ABC-Cateel-DVO-PNB,362.00
10737,ABC-Cateel-PNB-PNB,308.00,ABC-Cateel-DVO-PNB,362.00
10739,ABC-Cateel-PNB-PNB,308.00,ABC-Cateel-DVO-PNB,362.00
10761,"Good Farmer-18-PNB-PNB",146.40,"Good Farmer-18-DVO-PNB",169.40
10805,Farmind-18-DVO-PNB,169.40,Farmind-18-DVO-DVO,202.00
10806,Farmind-3-PNB-PNB,107.00,Farmind-3-DVO-DVO,202.00
12689,"Good Farmer-18-PNB-PNB",146.40,"Good Farmer-18-DVO-DVO",192.40
10902,Farmind-18-DVO-PNB,169.40,Farmind-18-DVO-DVO,202.00
10903,Farmind-3-PNB-PNB,107.00,Farmind-3-DVO-DVO,202.00
10905,Sumifru-10-DVO-PNB,186.90,Sumifru-10-DVO-DVO,171.40
10906,Sumifru-10-DVO-PNB,186.90,Sumifru-10-DVO-DVO,171.40
10909,Sumifru-10-DVO-PNB,186.90,Sumifru-10-DVO-DVO,171.40
10911,Sumifru-10-DVO-PNB,186.90,Sumifru-10-DVO-DVO,171.40
10913,Sumifru-10-DVO-PNB,186.90,Sumifru-10-DVO-DVO,171.40
10915,Sumifru-10-DVO-PNB,186.90,Sumifru-10-DVO-DVO,171.40
10917,Sumifru-10-DVO-PNB,186.90,Sumifru-10-DVO-DVO,171.40
10919,Sumifru-6-PNB-PNB,171.40,Sumifru-6-DVO-DVO,171.40
10922,Sumifru-6-PNB-PNB,171.40,Sumifru-6-DVO-DVO,171.40
10924,Sumifru-10-DVO-PNB,186.90,Sumifru-10-DVO-DVO,171.40
10925,Sumifru-10-DVO-PNB,186.90,Sumifru-10-DVO-DVO,171.40
10928,Sumifru-6-PNB-PNB,171.40,Sumifru-6-DVO-DVO,171.40
10929,Sumifru-6-PNB-PNB,171.40,Sumifru-6-DVO-DVO,171.40
10930,Sumifru-6-PNB-PNB,171.40,Sumifru-6-DVO-DVO,171.40
10933,Sumifru-10-DVO-PNB,186.90,Sumifru-10-DVO-DVO,171.40
10935,Sumifru-6-PNB-PNB,171.40,Sumifru-6-DVO-DVO,171.40
10939,Sumifru-6-PNB-PNB,171.40,Sumifru-6-DVO-DVO,171.40
10942,Sumifru-6-PNB-PNB,171.40,Sumifru-6-DVO-DVO,171.40
10944,Farmind-3-PNB-PNB,107.00,Farmind-3-DVO-PNB,143.00
10945,Farmind-3-PNB-PNB,107.00,Farmind-3-DVO-DVO,202.00
10946,Farmind-3-PNB-PNB,107.00,Farmind-3-DVO-DVO,202.00
10947,Farmind-1-PNB-PNB,107.00,Farmind-1-DVO-DVO,202.20
10948,Farmind-1-PNB-PNB,107.00,Farmind-1-DVO-DVO,202.20
9020,Sumifru-10-DVO-PNB,186.90,Sumifru-10-DVO-DVO,171.40
11000,"TDC - CLASS B-SVT-PNB-PNB",10.00,"TDC - CLASS B-SVT-DVO-DVO",76.00
11001,ABC-Pantukan-PNB-PNB,130.00,ABC-Pantukan-DVO-DVO,185.00
11002,ABC-Donmar-PNB-PNB,361.00,ABC-Donmar-DVO-DVO,340.00
11003,ABC-Donmar-PNB-PNB,361.00,ABC-Donmar-DVO-DVO,340.00
11010,ABC-Cateel-PNB-PNB,308.00,ABC-Cateel-DVO-PNB,362.00
11012,ABC-Pantukan-PNB-PNB,130.00,ABC-Pantukan-DVO-DVO,185.00
11026,ABC-Cateel-PNB-PNB,308.00,ABC-Cateel-DVO-PNB,362.00
11040,ABC-Pantukan-PNB-PNB,130.00,ABC-Pantukan-DVO-DVO,185.00
12597,Farmind-18-DVO-PNB,169.40,Farmind-18-DVO-DVO,202.00
12621,ABC-Pantukan-PNB-PNB,130.00,ABC-Pantukan-DVO-DVO,185.00
12622,ABC-Cateel-PNB-PNB,308.00,ABC-Cateel-DVO-PNB,362.00
12723,Sumifru-10-DVO-PNB,186.90,Sumifru-10-DVO-DVO,171.40
11069,Sumifru-10-DVO-PNB,186.90,Sumifru-10-DVO-DVO,171.40
11071,"TDC - CLASS B-SVT-PNB-PNB",10.00,"TDC - CLASS B-SVT-DVO-DVO",76.00
12623,Sumifru-6-PNB-PNB,171.40,Sumifru-6-DVO-DVO,171.40
12624,Sumifru-6-PNB-PNB,171.40,Sumifru-6-DVO-DVO,171.40
11258,Farmind-18-DVO-PNB,169.40,Farmind-18-DVO-DVO,202.00
11260,Farmind-3-PNB-PNB,107.00,Farmind-3-DVO-PNB,143.00
11262,Farmind-3-PNB-PNB,107.00,Farmind-3-DVO-DVO,202.00
11264,Farmind-3-PNB-PNB,107.00,Farmind-3-DVO-DVO,202.00
12536,"Good Farmer-15-PNB-PNB",149.90,"Good Farmer-15-DVO-PNB",114.60
12537,Sumifru-10-DVO-PNB,186.90,Sumifru-10-DVO-DVO,171.40
12625,Sumifru-6-PNB-PNB,171.40,Sumifru-6-DVO-DVO,171.40
12710,ABC-Pantukan-PNB-PNB,130.00,ABC-Pantukan-DVO-DVO,185.00
12725,"Good Farmer-15-PNB-PNB",149.90,"Good Farmer-15-DVO-DVO",156.40
11282,ABC-Cateel-PNB-PNB,308.00,ABC-Cateel-DVO-PNB,362.00
11277,Sumifru-6-PNB-PNB,171.40,Sumifru-6-DVO-DVO,171.40
12538,Sumifru-10-DVO-PNB,186.90,Sumifru-10-DVO-DVO,171.40
11289,ABC-Pantukan-PNB-PNB,130.00,ABC-Pantukan-DVO-DVO,185.00
12600,"Good Farmer-18-PNB-PNB",146.40,"Good Farmer-18-DVO-PNB",169.40
12626,Sumifru-6-PNB-PNB,171.40,Sumifru-6-DVO-DVO,171.40
12694,Farmind-18-DVO-PNB,169.40,Farmind-18-DVO-DVO,202.00
12711,"TDC - CLASS B-SVT-PNB-PNB",10.00,"TDC - CLASS B-SVT-DVO-DVO",76.00
12726,"Good Farmer-15-PNB-PNB",149.90,"Good Farmer-15-DVO-DVO",156.40
12766,Sumifru-10-DVO-PNB,186.90,Sumifru-10-DVO-DVO,171.40
12627,Sumifru-10-DVO-PNB,186.90,Sumifru-10-DVO-DVO,171.40
12695,Farmind-18-DVO-PNB,169.40,Farmind-18-DVO-DVO,202.00
11395,Farmind-3-PNB-PNB,107.00,Farmind-3-DVO-DVO,202.00
11396,Farmind-3-PNB-PNB,107.00,Farmind-3-DVO-DVO,202.00
11397,Farmind-3-PNB-PNB,107.00,Farmind-3-DVO-DVO,202.00
11408,Farmind-18-DVO-PNB,169.40,Farmind-18-DVO-DVO,202.00
12628,Sumifru-10-DVO-PNB,186.90,Sumifru-10-DVO-DVO,171.40
12696,Farmind-3-PNB-PNB,107.00,Farmind-3-DVO-DVO,202.00
12752,"Good Farmer-17-PNB-PNB",132.40,"Good Farmer-17-DVO-DVO",178.40
11403,Farmind-3-PNB-PNB,107.00,Farmind-3-DVO-DVO,202.00
11406,Farmind-18-DVO-PNB,169.40,Farmind-18-DVO-DVO,202.00
11426,ABC-Cateel-PNB-PNB,308.00,ABC-Cateel-DVO-PNB,362.00
11430,ABC-Pantukan-PNB-PNB,130.00,ABC-Pantukan-DVO-DVO,185.00
11433,ABC-Donmar-PNB-PNB,361.00,ABC-Donmar-DVO-PNB,323.00
11543,"TDC - CLASS B-SVT-PNB-PNB",10.00,"TDC - CLASS B-SVT-DVO-PNB",43.00
11544,"TDC - CLASS B-SVT-PNB-PNB",10.00,"TDC - CLASS B-SVT-DVO-DVO",76.00
11573,Sumifru-6-PNB-PNB,171.40,Sumifru-6-DVO-DVO,171.40
11574,Sumifru-6-PNB-PNB,171.40,Sumifru-6-DVO-DVO,171.40
11575,Sumifru-6-PNB-PNB,171.40,Sumifru-6-DVO-DVO,171.40
11576,Sumifru-6-PNB-PNB,171.40,Sumifru-6-DVO-DVO,171.40
11577,Sumifru-10-DVO-PNB,186.90,Sumifru-10-DVO-DVO,171.40
11578,Sumifru-10-DVO-PNB,186.90,Sumifru-10-DVO-DVO,171.40
11579,Sumifru-10-DVO-PNB,186.90,Sumifru-10-DVO-DVO,171.40
11584,Sumifru-10-DVO-PNB,186.90,Sumifru-10-DVO-DVO,171.40
11597,Sumifru-10-DVO-PNB,186.90,Sumifru-10-DVO-DVO,171.40
11572,Sumifru-6-PNB-PNB,171.40,Sumifru-6-DVO-DVO,171.40
11586,Sumifru-10-DVO-PNB,186.90,Sumifru-10-DVO-DVO,171.40
11587,Sumifru-10-DVO-PNB,186.90,Sumifru-10-DVO-DVO,171.40
11592,Sumifru-10-DVO-PNB,186.90,Sumifru-10-DVO-DVO,171.40
11593,Sumifru-10-DVO-PNB,186.90,Sumifru-10-DVO-DVO,171.40
11594,Sumifru-10-DVO-PNB,186.90,Sumifru-10-DVO-DVO,171.40
11598,Sumifru-10-DVO-PNB,186.90,Sumifru-10-DVO-DVO,171.40
11780,Sumifru-10-DVO-PNB,186.90,Sumifru-10-DVO-DVO,171.40
11785,Farmind-18-DVO-PNB,169.40,Farmind-18-DVO-DVO,202.00
11812,Farmind-18-DVO-PNB,169.40,Farmind-18-DVO-DVO,202.00
11814,Farmind-3-PNB-PNB,107.00,Farmind-3-DVO-DVO,202.00
11818,Farmind-3-PNB-PNB,107.00,Farmind-3-DVO-DVO,202.00
12605,ABC-Cateel-PNB-PNB,308.00,ABC-Cateel-DVO-PNB,362.00
12697,Farmind-3-PNB-PNB,107.00,Farmind-3-DVO-DVO,202.00
12714,ABC-Donmar-PNB-PNB,361.00,ABC-Donmar-DVO-DVO,340.00
12729,Farmind-3-PNB-PNB,107.00,Farmind-3-DVO-DVO,202.00
11850,Sumifru-10-DVO-PNB,186.90,Sumifru-10-DVO-DVO,171.40
11851,Sumifru-10-DVO-PNB,186.90,Sumifru-10-DVO-DVO,171.40
11853,Sumifru-10-DVO-PNB,186.90,Sumifru-10-DVO-DVO,171.40
11854,Sumifru-10-DVO-PNB,186.90,Sumifru-10-DVO-DVO,171.40
11855,Sumifru-10-DVO-PNB,186.90,Sumifru-10-DVO-DVO,171.40
11868,"TDC - CLASS B-SVT-PNB-PNB",10.00,"TDC - CLASS B-SVT-DVO-DVO",76.00
11869,"TDC - CLASS B-SVT-PNB-PNB",10.00,"TDC - CLASS B-SVT-DVO-DVO",76.00
11870,"TDC - CLASS B-SVT-PNB-PNB",10.00,"TDC - CLASS B-SVT-DVO-DVO",76.00
11872,ABC-Donmar-PNB-PNB,361.00,ABC-Donmar-DVO-DVO,340.00
11873,ABC-Cateel-PNB-PNB,308.00,ABC-Cateel-DVO-PNB,362.00
11881,ABC-Cateel-PNB-PNB,308.00,ABC-Cateel-DVO-PNB,362.00
11891,ABC-Cateel-PNB-PNB,308.00,ABC-Cateel-DVO-PNB,362.00
11939,Farmind-18-DVO-PNB,169.40,Farmind-18-DVO-DVO,202.00
11947,Sumifru-6-PNB-PNB,171.40,Sumifru-6-DVO-DVO,171.40
11946,Sumifru-6-PNB-PNB,171.40,Sumifru-6-DVO-DVO,171.40
11948,Sumifru-6-PNB-PNB,171.40,Sumifru-6-DVO-DVO,171.40
11949,Sumifru-6-PNB-PNB,171.40,Sumifru-6-DVO-DVO,171.40
11950,Sumifru-6-PNB-PNB,171.40,Sumifru-6-DVO-DVO,171.40
11951,Sumifru-6-PNB-PNB,171.40,Sumifru-6-DVO-DVO,171.40
11952,Sumifru-6-PNB-PNB,171.40,Sumifru-6-DVO-DVO,171.40
11953,Sumifru-6-PNB-PNB,171.40,Sumifru-6-DVO-DVO,171.40
11954,Sumifru-6-PNB-PNB,171.40,Sumifru-6-DVO-DVO,171.40
11955,Sumifru-6-PNB-PNB,171.40,Sumifru-6-DVO-DVO,171.40
11956,Sumifru-6-PNB-PNB,171.40,Sumifru-6-DVO-DVO,171.40
11957,Sumifru-6-PNB-PNB,171.40,Sumifru-6-DVO-DVO,171.40
11958,Sumifru-6-PNB-PNB,171.40,Sumifru-6-DVO-DVO,171.40
11959,Sumifru-10-DVO-PNB,186.90,Sumifru-10-DVO-DVO,171.40
11960,Sumifru-10-DVO-PNB,186.90,Sumifru-10-DVO-DVO,171.40
11020,ABC-Pantukan-PNB-PNB,130.00,ABC-Pantukan-DVO-DVO,185.00
8802,Sumifru-6-PNB-PNB,171.40,Sumifru-6-DVO-DVO,171.40
11961,Sumifru-6-PNB-PNB,171.40,Sumifru-6-DVO-DVO,171.40
11970,Sumifru-10-DVO-PNB,186.90,Sumifru-10-DVO-DVO,171.40
11971,Sumifru-10-DVO-PNB,186.90,Sumifru-10-DVO-DVO,171.40
11969,Sumifru-10-DVO-PNB,186.90,Sumifru-10-DVO-DVO,171.40
11990,Farmind-3-PNB-PNB,107.00,Farmind-3-DVO-DVO,202.00
11992,Farmind-3-PNB-PNB,107.00,Farmind-3-DVO-DVO,202.00
11993,Farmind-3-PNB-PNB,107.00,Farmind-3-DVO-DVO,202.00
11994,Farmind-3-PNB-PNB,107.00,Farmind-3-DVO-DVO,202.00
12001,"Good Farmer-18-PNB-PNB",146.40,"Good Farmer-18-DVO-PNB",169.40
12006,Farmind-3-PNB-PNB,107.00,Farmind-3-DVO-DVO,202.00
10408,ABC-Pantukan-PNB-PNB,130.00,ABC-Pantukan-DVO-DVO,185.00
12027,ABC-Donmar-PNB-PNB,361.00,ABC-Donmar-DVO-DVO,340.00
12028,ABC-Pantukan-PNB-PNB,130.00,ABC-Pantukan-DVO-DVO,185.00
12029,ABC-Pantukan-PNB-PNB,130.00,ABC-Pantukan-DVO-DVO,185.00
12604,"TDC - CLASS B-SVT-PNB-PNB",10.00,"TDC - CLASS B-SVT-DVO-DVO",76.00
12652,"Good Farmer-15-PNB-PNB",149.90,"Good Farmer-15-DVO-PNB",114.60
12033,ABC-Pantukan-PNB-PNB,130.00,ABC-Pantukan-DVO-DVO,185.00
12036,ABC-Pantukan-PNB-PNB,130.00,ABC-Pantukan-DVO-DVO,185.00
12046,ABC-Donmar-PNB-PNB,361.00,ABC-Donmar-DVO-DVO,340.00
12049,ABC-Lupon-PNB-PNB,202.00,ABC-Lupon-PNB-DVO,156.00
12053,ABC-Pantukan-PNB-PNB,130.00,ABC-Pantukan-DVO-DVO,185.00
12059,ABC-Cateel-PNB-PNB,308.00,ABC-Cateel-DVO-DVO,378.00
12064,ABC-Cateel-PNB-PNB,308.00,ABC-Cateel-DVO-PNB,362.00
12096,Sumifru-6-PNB-PNB,171.40,Sumifru-6-DVO-DVO,171.40
10403,ABC-Pantukan-PNB-PNB,130.00,ABC-Pantukan-DVO-DVO,185.00
8927,Sumifru-10-DVO-PNB,186.90,Sumifru-10-DVO-DVO,171.40
9149,Sumifru-10-DVO-PNB,186.90,Sumifru-10-DVO-DVO,171.40
9153,Sumifru-10-DVO-PNB,186.90,Sumifru-10-DVO-DVO,171.40
9008,Sumifru-10-DVO-PNB,186.90,Sumifru-10-DVO-DVO,171.40
12137,Sumifru-10-DVO-PNB,186.90,Sumifru-10-DVO-DVO,171.40
12138,Sumifru-10-DVO-PNB,186.90,Sumifru-10-DVO-DVO,171.40
12140,Sumifru-6-PNB-PNB,171.40,Sumifru-6-DVO-DVO,171.40
12143,"Good Farmer-15-PNB-PNB",149.90,"Good Farmer-15-DVO-PNB",114.60
12151,"Good Farmer-11-PNB-PNB",167.40,"Good Farmer-11-DVO-DVO",213.40
12155,Sumifru-10-DVO-PNB,186.90,Sumifru-10-DVO-DVO,171.40
12298,Sumifru-10-DVO-PNB,186.90,Sumifru-10-DVO-DVO,171.40
12334,Sumifru-10-DVO-PNB,186.90,Sumifru-10-DVO-DVO,171.40
12336,Sumifru-10-DVO-PNB,186.90,Sumifru-10-DVO-DVO,171.40
12356,ABC-Pantukan-PNB-PNB,130.00,ABC-Pantukan-DVO-DVO,185.00
12359,ABC-Cateel-PNB-PNB,308.00,ABC-Cateel-DVO-PNB,362.00
12361,"TDC - CLASS B-SVT-PNB-PNB",10.00,"TDC - CLASS B-SVT-DVO-DVO",76.00
12385,ABC-Pantukan-PNB-PNB,130.00,ABC-Pantukan-DVO-DVO,185.00
12409,ABC-Pantukan-PNB-PNB,130.00,ABC-Pantukan-DVO-DVO,185.00
12411,ABC-Pantukan-PNB-PNB,130.00,ABC-Pantukan-DVO-DVO,185.00
12698,Sumifru-6-PNB-PNB,171.40,Sumifru-6-DVO-DVO,171.40
12715,ABC-Cateel-PNB-PNB,308.00,ABC-Cateel-DVO-PNB,362.00
12296,Sumifru-10-DVO-PNB,186.90,Sumifru-10-DVO-DVO,171.40
12772,Farmind-3-PNB-PNB,107.00,Farmind-3-DVO-DVO,202.00
12607,"TDC - CLASS B-SVT-PNB-PNB",10.00,"TDC - CLASS B-SVT-DVO-DVO",76.00
12699,Sumifru-6-PNB-PNB,171.40,Sumifru-6-DVO-DVO,171.40
12730,Farmind-3-PNB-PNB,107.00,Farmind-3-DVO-DVO,202.00
12754,"Good Farmer-15-PNB-PNB",149.90,"Good Farmer-15-DVO-DVO",156.40
12453,ABC-Cateel-PNB-PNB,308.00,ABC-Cateel-DVO-PNB,362.00
12455,ABC-Pantukan-PNB-PNB,130.00,ABC-Pantukan-DVO-DVO,185.00
12457,Sumifru-6-PNB-PNB,171.40,Sumifru-6-DVO-DVO,171.40
12458,Sumifru-6-PNB-PNB,171.40,Sumifru-6-DVO-DVO,171.40
12459,Farmind-3-PNB-PNB,107.00,Farmind-3-DVO-DVO,202.00
12460,Farmind-3-PNB-PNB,107.00,Farmind-3-DVO-DVO,202.00
12461,Farmind-3-PNB-PNB,107.00,Farmind-3-DVO-DVO,202.00
12462,Farmind-3-PNB-PNB,107.00,Farmind-3-DVO-DVO,202.00
12471,"Good Farmer-15-PNB-PNB",149.90,"Good Farmer-15-DVO-PNB",114.60
11018,ABC-Pantukan-PNB-PNB,130.00,ABC-Pantukan-DVO-DVO,185.00
12497,Sumifru-6-PNB-PNB,171.40,Sumifru-6-DVO-DVO,171.40
12495,Sumifru-6-PNB-PNB,171.40,Sumifru-6-DVO-DVO,171.40
12493,Sumifru-6-PNB-PNB,171.40,Sumifru-6-DVO-DVO,171.40
12797,Sumifru-10-DVO-PNB,186.90,Sumifru-10-DVO-DVO,171.40
12807,ABC-Cateel-PNB-PNB,308.00,ABC-Cateel-DVO-PNB,362.00
12808,ABC-Pantukan-PNB-PNB,130.00,ABC-Pantukan-DVO-DVO,185.00
12811,ABC-Donmar-PNB-PNB,361.00,ABC-Donmar-DVO-DVO,340.00
12812,ABC-Donmar-PNB-PNB,361.00,ABC-Donmar-DVO-PNB,323.00
12814,"TDC - CLASS B-SVT-PNB-PNB",10.00,"TDC - CLASS B-SVT-DVO-DVO",76.00
12816,ABC-Pantukan-PNB-PNB,130.00,ABC-Pantukan-DVO-DVO,185.00
12817,ABC-Pantukan-PNB-PNB,130.00,ABC-Pantukan-DVO-DVO,185.00
12821,ABC-Donmar-PNB-PNB,361.00,ABC-Donmar-DVO-DVO,340.00
12832,"Good Farmer-15-PNB-PNB",149.90,"Good Farmer-15-DVO-DVO",156.40
12833,"Good Farmer-15-PNB-PNB",149.90,"Good Farmer-15-DVO-DVO",156.40
12838,Farmind-18-DVO-PNB,169.40,Farmind-18-DVO-DVO,202.00
12839,Farmind-18-DVO-PNB,169.40,Farmind-18-DVO-DVO,202.00
12840,Farmind-18-DVO-PNB,169.40,Farmind-18-DVO-DVO,202.00
12850,Sumifru-10-DVO-PNB,186.90,Sumifru-10-DVO-DVO,171.40
12851,Sumifru-10-DVO-PNB,186.90,Sumifru-10-DVO-DVO,171.40
12886,"Good Farmer-1-PNB-PNB",107.00,"Good Farmer-1-DVO-DVO",202.20
12893,Farmind-3-PNB-PNB,107.00,Farmind-3-DVO-DVO,202.00
12895,Farmind-3-PNB-PNB,107.00,Farmind-3-DVO-DVO,202.00
12896,Sumifru-6-PNB-PNB,171.40,Sumifru-6-DVO-DVO,171.40
12913,Sumifru-10-DVO-PNB,186.90,Sumifru-10-DVO-DVO,171.40
12916,Sumifru-10-DVO-PNB,186.90,Sumifru-10-DVO-DVO,171.40
12919,Sumifru-10-DVO-PNB,186.90,Sumifru-10-DVO-DVO,171.40
12923,Sumifru-10-DVO-PNB,186.90,Sumifru-10-DVO-DVO,171.40
12925,Sumifru-10-DVO-PNB,186.90,Sumifru-10-DVO-DVO,171.40
12930,Sumifru-6-PNB-PNB,171.40,Sumifru-6-DVO-DVO,171.40
12932,Sumifru-6-PNB-PNB,171.40,Sumifru-6-DVO-DVO,171.40
12934,Sumifru-6-PNB-PNB,171.40,Sumifru-6-DVO-DVO,171.40
12948,Sumifru-6-PNB-PNB,171.40,Sumifru-6-DVO-DVO,171.40
12952,Farmind-3-PNB-PNB,107.00,Farmind-3-DVO-DVO,202.00
12953,Farmind-3-PNB-PNB,107.00,Farmind-3-DVO-PNB,143.00
12954,Farmind-3-PNB-PNB,107.00,Farmind-3-DVO-PNB,143.00
12955,Farmind-3-PNB-PNB,107.00,Farmind-3-DVO-DVO,202.00
12956,Farmind-3-PNB-PNB,107.00,Farmind-3-DVO-DVO,202.00
11447,ABC-Pantukan-PNB-PNB,130.00,ABC-Pantukan-DVO-DVO,185.00
13019,"TDC - CLASS B-SVT-PNB-PNB",10.00,"TDC - CLASS B-SVT-DVO-DVO",76.00
13031,"TDC - CLASS B-SVT-PNB-PNB",10.00,"TDC - CLASS B-SVT-DVO-DVO",76.00
13033,"TDC - CLASS B-SVT-PNB-PNB",10.00,"TDC - CLASS B-SVT-DVO-DVO",76.00
13039,ABC-Cateel-PNB-PNB,308.00,ABC-Cateel-DVO-PNB,362.00
13040,ABC-Pantukan-PNB-PNB,130.00,ABC-Pantukan-DVO-DVO,185.00
13041,ABC-Pantukan-PNB-PNB,130.00,ABC-Pantukan-DVO-DVO,185.00
13079,Sumifru-10-DVO-PNB,186.90,Sumifru-10-DVO-DVO,171.40
13084,Sumifru-6-PNB-PNB,171.40,Sumifru-6-DVO-DVO,171.40
13113,Farmind-3-PNB-PNB,107.00,Farmind-3-DVO-DVO,202.00
13127,Farmind-3-PNB-PNB,107.00,Farmind-3-DVO-DVO,202.00
13145,Sumifru-10-DVO-PNB,186.90,Sumifru-10-DVO-DVO,171.40
13214,Sumifru-6-PNB-PNB,171.40,Sumifru-6-DVO-DVO,171.40
13260,"Good Farmer-18-PNB-PNB",146.40,"Good Farmer-18-DVO-DVO",192.40
13264,"Good Farmer-2-PNB-PNB",129.20,"Good Farmer-2-DVO-DVO",161.60
13268,"Good Farmer-11-PNB-PNB",167.40,"Good Farmer-11-DVO-DVO",213.40
13271,Farmind-3-PNB-PNB,107.00,Farmind-3-DVO-DVO,202.00
13303,Sumifru-6-PNB-PNB,171.40,Sumifru-6-DVO-DVO,171.40
13304,Sumifru-10-DVO-PNB,186.90,Sumifru-10-DVO-DVO,171.40
13335,Sumifru-10-DVO-PNB,186.90,Sumifru-10-DVO-DVO,171.40
13337,Sumifru-10-DVO-PNB,186.90,Sumifru-10-DVO-DVO,171.40
13361,Farmind-3-PNB-PNB,107.00,Farmind-3-DVO-DVO,202.00
13370,Farmind-18-DVO-PNB,169.40,Farmind-18-DVO-DVO,202.00
13389,Sumifru-10-DVO-PNB,186.90,Sumifru-10-DVO-DVO,171.40
