route_id,sku_name,segment,farm,pullout,ph,delivered,roundtrip_distance,SAP_ASSIGNED_NO
92,ABC-Cateel-DVO-PNB,"ABC Cateel",Cateel,DAVAO,CATEEL,PANABO,362.00,
91,ABC-Cateel-PNB-DVO,"ABC Cateel",Cateel,PANABO,CATEEL,DAVAO,362.00,
89,ABC-Donmar-DVO-DVO,"ABC Donmar",Donmar,DAVAO,DONMAR,DAVAO,340.00,
88,ABC-Donmar-DVO-PNB,"ABC Donmar",Donmar,DAVAO,DONMAR,PANABO,323.00,
87,ABC-Donmar-PNB-DVO,"ABC Donmar",Donmar,PANABO,DONMAR,DAVAO,323.00,
85,ABC-Lupon-DVO-DVO,"ABC Lupon",Lupon,DAVAO,LUPON,DAVAO,185.00,
84,ABC-Lupon-DVO-PNB,"ABC Lupon",Lupon,DAVAO,LUPON,PANABO,156.00,
83,ABC-Lupon-PNB-DVO,"ABC Lupon",Lupon,PANABO,LUPON,DAVAO,156.00,
161,Dole-1-PNB-PNB,Dole,3,PANABO,PH03,PANABO,107.00,
162,Dole-1-PNB-PNB,Dole,3,PANABO,PH03,PANABO,107.00,
1,Dole-1-PNB-PNB,Dole,1,PANABO,PH01,PANABO,107.00,
12,Dole-17-PNB-PNB,Dole,17,PANABO,PH17,PANABO,176.50,
11,Dole-18-PNB-PNB,Dole,18,PANABO,PH18,PANABO,176.50,
2,Dole-2-PNB-PNB,Dole,2,PANABO,PH02,PANABO,106.00,
163,Dole-3-PNB-PNB,Dole,3,PANABO,PH03,PANABO,107.00,
10,Dole-9-PNB-PNB,Dole,9,PANABO,PH09,PANABO,149.00,
152,"Dry Container-AGRI EXIM-DVO-DVO","Dry Container","AGRI EXIM",DAVAO,,DAVAO,120.00,
151,"Dry Container-AGRI EXIM-DVO-PNB","Dry Container","AGRI EXIM",DAVAO,,PANABO,120.00,
150,"Dry Container-AGRI EXIM-PNB-DVO","Dry Container","AGRI EXIM",PANABO,,DAVAO,120.00,
149,"Dry Container-AGRI EXIM-PNB-PNB","Dry Container","AGRI EXIM",PANABO,,PANABO,120.00,
132,"Dry Container-BIG4TUNA-DVO-DVO","Dry Container",BIG4TUNA,DAVAO,,DAVAO,83.50,
131,"Dry Container-BIG4TUNA-DVO-PNB","Dry Container",BIG4TUNA,DAVAO,,PANABO,48.00,
130,"Dry Container-BIG4TUNA-PNB-DVO","Dry Container",BIG4TUNA,PANABO,,DAVAO,48.00,
129,"Dry Container-BIG4TUNA-PNB-PNB","Dry Container",BIG4TUNA,PANABO,,PANABO,5.00,
140,"Dry Container-BIO PULP-DVO-DVO","Dry Container","BIO PULP",DAVAO,,DAVAO,75.10,
139,"Dry Container-BIO PULP-DVO-PNB","Dry Container","BIO PULP",DAVAO,,PANABO,61.10,
138,"Dry Container-BIO PULP-PNB-DVO","Dry Container","BIO PULP",PANABO,,DAVAO,61.10,
137,"Dry Container-BIO PULP-PNB-PNB","Dry Container","BIO PULP",PANABO,,PANABO,22.00,
144,"Dry Container-ECOSSENTIAL-DVO-DVO","Dry Container",ECOSSENTIAL,DAVAO,,DAVAO,75.10,
143,"Dry Container-ECOSSENTIAL-DVO-PNB","Dry Container",ECOSSENTIAL,DAVAO,,PANABO,61.10,
142,"Dry Container-ECOSSENTIAL-PNB-DVO","Dry Container",ECOSSENTIAL,PANABO,,DAVAO,61.10,
141,"Dry Container-ECOSSENTIAL-PNB-PNB","Dry Container",ECOSSENTIAL,PANABO,,PANABO,22.00,
136,"Dry Container-EYE CARGO-DVO-DVO","Dry Container","EYE CARGO",DAVAO,,DAVAO,75.10,
135,"Dry Container-EYE CARGO-DVO-PNB","Dry Container","EYE CARGO",DAVAO,,PANABO,61.10,
134,"Dry Container-EYE CARGO-PNB-DVO","Dry Container","EYE CARGO",PANABO,,DAVAO,61.10,
133,"Dry Container-EYE CARGO-PNB-PNB","Dry Container","EYE CARGO",PANABO,,PANABO,22.00,
148,"Dry Container-FRANKLIN BAKER-DVO-DVO","Dry Container","FRANKLIN BAKER",DAVAO,"FRANKLIN BAKER",DAVAO,120.00,
147,"Dry Container-FRANKLIN BAKER-DVO-PNB","Dry Container","FRANKLIN BAKER",DAVAO,"FRANKLIN BAKER",PANABO,120.00,
146,"Dry Container-FRANKLIN BAKER-PNB-DVO","Dry Container","FRANKLIN BAKER",PANABO,"FRANKLIN BAKER",DAVAO,120.00,
145,"Dry Container-FRANKLIN BAKER-PNB-PNB","Dry Container","FRANKLIN BAKER",PANABO,"FRANKLIN BAKER",PANABO,120.00,
124,"Dry Container-HEADSPORT-DVO-DVO","Dry Container",HEADSPORT,DAVAO,,DAVAO,83.50,
123,"Dry Container-HEADSPORT-DVO-PNB","Dry Container",HEADSPORT,DAVAO,,PANABO,48.00,
122,"Dry Container-HEADSPORT-PNB-DVO","Dry Container",HEADSPORT,PANABO,,DAVAO,48.00,
121,"Dry Container-HEADSPORT-PNB-PNB","Dry Container",HEADSPORT,PANABO,,PANABO,5.00,
104,"Dry Container-JDU-DVO-DVO","Dry Container",JDU,DAVAO,,DAVAO,83.50,
103,"Dry Container-JDU-DVO-PNB","Dry Container",JDU,DAVAO,,PANABO,48.00,
102,"Dry Container-JDU-PNB-DVO","Dry Container",JDU,PANABO,,DAVAO,48.00,
101,"Dry Container-JDU-PNB-PNB","Dry Container",JDU,PANABO,,PANABO,5.00,
128,"Dry Container-NOVOCOCONUT-DVO-DVO","Dry Container",NOVOCOCONUT,DAVAO,"NOVO COCONUT",DAVAO,83.50,
127,"Dry Container-NOVOCOCONUT-DVO-PNB","Dry Container",NOVOCOCONUT,DAVAO,"NOVO COCONUT",PANABO,48.00,
126,"Dry Container-NOVOCOCONUT-PNB-DVO","Dry Container",NOVOCOCONUT,PANABO,"NOVO COCONUT",DAVAO,48.00,
125,"Dry Container-NOVOCOCONUT-PNB-PNB","Dry Container",NOVOCOCONUT,PANABO,"NOVO COCONUT",PANABO,5.00,
116,"Dry Container-SOLARIS-DVO-DVO","Dry Container",SOLARIS,DAVAO,,DAVAO,83.50,
115,"Dry Container-SOLARIS-DVO-PNB","Dry Container",SOLARIS,DAVAO,,PANABO,48.00,
114,"Dry Container-SOLARIS-PNB-DVO","Dry Container",SOLARIS,PANABO,,DAVAO,48.00,
113,"Dry Container-SOLARIS-PNB-PNB","Dry Container",SOLARIS,PANABO,,PANABO,5.00,
120,"Dry Container-SOUTHERN HARVEST-DVO-DVO","Dry Container","SOUTHERN HARVEST",DAVAO,,DAVAO,83.50,
119,"Dry Container-SOUTHERN HARVEST-DVO-PNB","Dry Container","SOUTHERN HARVEST",DAVAO,,PANABO,48.00,
118,"Dry Container-SOUTHERN HARVEST-PNB-DVO","Dry Container","SOUTHERN HARVEST",PANABO,,DAVAO,48.00,
117,"Dry Container-SOUTHERN HARVEST-PNB-PNB","Dry Container","SOUTHERN HARVEST",PANABO,,PANABO,5.00,
59,Farmind-1-DVO-PNB,Farmind,1,DAVAO,PH01,PANABO,143.00,
58,Farmind-1-PNB-DVO,Farmind,1,PANABO,PH01,DAVAO,143.00,
57,Farmind-1-PNB-PNB,Farmind,1,PANABO,PH01,PANABO,107.00,
63,Farmind-15-PNB-PNB,Farmind,15,PANABO,PH15,PANABO,107.00,
62,Farmind-18-DVO-DVO,Farmind,18,DAVAO,PH18,DAVAO,202.00,
55,Farmind-3-DVO-DVO,Farmind,3,DAVAO,PH03,DAVAO,202.00,
54,Farmind-3-DVO-PNB,Farmind,3,DAVAO,PH03,PANABO,143.00,
53,Farmind-3-PNB-DVO,Farmind,3,PANABO,PH03,DAVAO,143.00,
52,Farmind-3-PNB-PNB,Farmind,3,PANABO,PH03,PANABO,107.00,
56,Farmind-5-DVO-DVO,Farmind,5,DAVAO,PH05,DAVAO,202.00,
51,Farmind-6-DVO-DVO,Farmind,6,DAVAO,PH06,DAVAO,202.20,
41,"Good Farmer-1-DVO-PNB","Good Farmer",1,DAVAO,PH01,PANABO,143.00,
40,"Good Farmer-1-PNB-PNB","Good Farmer",1,PANABO,PH01,PANABO,107.00,
35,"Good Farmer-15-DVO-DVO","Good Farmer",15,DAVAO,PH15,DAVAO,156.40,
34,"Good Farmer-15-DVO-PNB","Good Farmer",15,DAVAO,PH15,PANABO,114.60,
33,"Good Farmer-15-PNB-DVO","Good Farmer",15,PANABO,PH15,DAVAO,114.60,
74,Sumifru-10-DVO-DVO,Sumifru,10,DAVAO,PH10,DAVAO,171.40,
72,Sumifru-15-DVO-DVO,Sumifru,15,DAVAO,PH15,DAVAO,171.40,
71,Sumifru-18-DVO-DVO,Sumifru,18,DAVAO,PH18,DAVAO,171.40,
68,Sumifru-2-DVO-DVO,Sumifru,2,DAVAO,PH02,DAVAO,170.00,
77,Sumifru-3-DVO-DVO,Sumifru,3,DAVAO,PH03,DAVAO,202.00,
65,Sumifru-7-DVO-DVO,Sumifru,7,DAVAO,PH07,DAVAO,171.40,
100,"SVT_DEL MONTE-SVT-DVO-DVO","SVT_DEL MONTE",SVT,DAVAO,SVT,DAVAO,76.00,
99,"SVT_DEL MONTE-SVT-DVO-PNB ","SVT_DEL MONTE",SVT,DAVAO,SVT,PANABO,48.00,
98,"SVT_DEL MONTE-SVT-PNB-DVO","SVT_DEL MONTE",SVT,PANABO,SVT,DAVAO,48.00,
97,"SVT_DEL MONTE-SVT-PNB-PNB","SVT_DEL MONTE",SVT,PANABO,SVT,PANABO,10.00,
96,"TDC - CLASS B-SVT-DVO-DVO","TDC - CLASS B",SVT,DAVAO,SVT,DAVAO,76.00,
95,"TDC - CLASS B-SVT-DVO-PNB","TDC - CLASS B",SVT,DAVAO,SVT,PANABO,43.00,
94,"TDC - CLASS B-SVT-PNB-PNB","TDC - CLASS B",SVT,PANABO,SVT,PANABO,10.00,
